track_name,artist,spectrogram,genres
Guillotine,Stray From The Path,../data/images/spectrograms/Guillotine_Stray From The Path_spectro.png,"['deathcore', 'punk', 'melodic', 'hardcore', 'metalcore']"
Vermin,Allegaeon,../data/images/spectrograms/Vermin_Allegaeon_spectro.png,"['melodeath', 'melodic', 'death', 'technical']"
Put Your Back Into The Oar,Amon Amarth,../data/images/spectrograms/Put Your Back Into The Oar_Amon Amarth_spectro.png,"['death', 'melodic', 'melodeath', 'folk']"
Make Believe,Memphis May Fire,../data/images/spectrograms/Make Believe_Memphis May Fire_spectro.png,"['melodic', 'metalcore', 'posthardcore', 'screamo']"
Dystopia (feat. Christoph Wieczorek of Annisokay),Caliban,../data/images/spectrograms/Dystopia feat Christoph Wieczorek of Annisokay_Caliban_spectro.png,"['deathcore', 'metalcore', 'posthardcore', 'melodic']"
Suffocate,LANDMVRKS,../data/images/spectrograms/Suffocate_LANDMVRKS_spectro.png,['metalcore']
Couple Suicide,Annihilator,../data/images/spectrograms/Couple Suicide_Annihilator_spectro.png,"['hard', 'rock', 'oldschool', 'thrash', 'speed', 'technical', 'groove']"
Gravity Falls,Manafest,../data/images/spectrograms/Gravity Falls_Manafest_spectro.png,"['christian', 'alternative', 'rock', 'hip', 'hop', 'rap']"
Blooded,Immolation,../data/images/spectrograms/Blooded_Immolation_spectro.png,"['death', 'technical']"
vein.mp3,Space Of Variations,../data/images/spectrograms/veinmp3_Space Of Variations_spectro.png,"['metal', 'metalcore']"
Return to the Land of Light,Veonity,../data/images/spectrograms/Return to the Land of Light_Veonity_spectro.png,"['melodic', 'scifi', 'symphonic', 'power']"
Happy Ending,The Amsterdam Red Light District,../data/images/spectrograms/Happy Ending_The Amsterdam Red Light District_spectro.png,['metal']
Peace That Starts the War,Wolves At The Gate,../data/images/spectrograms/Peace That Starts the War_Wolves At The Gate_spectro.png,"['christian', 'metalcore', 'rock', 'posthardcore']"
UGLY,GHØSTKID,../data/images/spectrograms/UGLY_GHSTKID_spectro.png,['metalcore']
Caved In,Spite,../data/images/spectrograms/Caved In_Spite_spectro.png,"['downtempo', 'deathcore', 'metallic', 'hardcore', 'progressive']"
Handshake with Hell,Arch Enemy,../data/images/spectrograms/Handshake with Hell_Arch Enemy_spectro.png,"['death', 'melodic', 'melodeath']"
MONSTER,Wake Up Hate,../data/images/spectrograms/MONSTER_Wake Up Hate_spectro.png,"['deep', 'metalcore', 'gymcore', 'posthardcore']"
Bury My Flame,Glasslands,../data/images/spectrograms/Bury My Flame_Glasslands_spectro.png,"['christian', 'hard', 'rock', 'posthardcore']"
Hate Über Alles,Kreator,../data/images/spectrograms/Hate ber Alles_Kreator_spectro.png,"['death', 'thrash', 'hard', 'rock', 'melodic', 'oldschool', 'speed']"
Forsaken,Everyone Loves A Villain,../data/images/spectrograms/Forsaken_Everyone Loves A Villain_spectro.png,"['gymcore', 'posthardcore']"
Resentment Always Simmers,Napalm Death,../data/images/spectrograms/Resentment Always Simmers_Napalm Death_spectro.png,"['death', 'deathcore']"
The Unknown II,Edge Of Paradise,../data/images/spectrograms/The Unknown II_Edge Of Paradise_spectro.png,"['melodic', 'slayer']"
Plastic Heart,Fame on Fire,../data/images/spectrograms/Plastic Heart_Fame on Fire_spectro.png,['posthardcore']
The Unkillable Soldier,Sabaton,../data/images/spectrograms/The Unkillable Soldier_Sabaton_spectro.png,"['metal', 'power']"
Demons,Cabin Boy Jumped Ship,../data/images/spectrograms/Demons_Cabin Boy Jumped Ship_spectro.png,"['electronic', 'djent', 'metalcore', 'posthardcore']"
New Devil (feat. Maria Brink of In This Moment),Asking Alexandria,../data/images/spectrograms/New Devil feat Maria Brink of In This Moment_Asking Alexandria_spectro.png,"['melodic', 'metalcore', 'screamo', 'trancecore']"
Northwards,Amorphis,../data/images/spectrograms/Northwards_Amorphis_spectro.png,"['death', 'melodeath', 'gothic', 'melodic', 'power', 'progressive']"
Break The Silence,Breathe Atlantis,../data/images/spectrograms/Break The Silence_Breathe Atlantis_spectro.png,"['metalcore', 'posthardcore']"
Demon Supreme,Lordi,../data/images/spectrograms/Demon Supreme_Lordi_spectro.png,"['comic', 'hard', 'rock', 'heavy', 'power']"
The Abysmal Eye,Meshuggah,../data/images/spectrograms/The Abysmal Eye_Meshuggah_spectro.png,"['alternative', 'djent', 'progressive', 'groove', 'technical', 'thrash']"
Plenty,Northlane,../data/images/spectrograms/Plenty_Northlane_spectro.png,"['metalcore', 'deep', 'melodic', 'djent', 'nu metalcore', 'progressive']"
Gravity,The Disaster Area,../data/images/spectrograms/Gravity_The Disaster Area_spectro.png,"['metalcore', 'posthardcore']"
Apocalyptic Squirt Tsunami,Gutrectomy,../data/images/spectrograms/Apocalyptic Squirt Tsunami_Gutrectomy_spectro.png,"['progressive', 'deathcore', 'slamming', 'death']"
Lights & Fire,Wolves At The Gate,../data/images/spectrograms/Lights  Fire_Wolves At The Gate_spectro.png,"['christian', 'metalcore', 'rock', 'posthardcore']"
Nigh to Silence,ERRA,../data/images/spectrograms/Nigh to Silence_ERRA_spectro.png,"['melodic', 'metalcore', 'progressive']"
Venerate Me,HammerFall,../data/images/spectrograms/Venerate Me_HammerFall_spectro.png,"['melodic', 'neo', 'classical', 'power']"
"Move, Act, Progress",Winds Brought Siberia,../data/images/spectrograms/Move Act Progress_Winds Brought Siberia_spectro.png,['metalcore']
New Evil,Nocturna,../data/images/spectrograms/New Evil_Nocturna_spectro.png,"['melodic', 'symphonic', 'power']"
Misguided,AVIIRA,../data/images/spectrograms/Misguided_AVIIRA_spectro.png,['metalcore']
Light of Dawn,Empire of Giants,../data/images/spectrograms/Light of Dawn_Empire of Giants_spectro.png,['metalcore']
Blood in the Sands of Time,Shadow of Intent,../data/images/spectrograms/Blood in the Sands of Time_Shadow of Intent_spectro.png,"['melodic', 'deathcore', 'symphonic']"
Standing My Ground,The Veer Union,../data/images/spectrograms/Standing My Ground_The Veer Union_spectro.png,"['alternative', 'christian', 'rock', 'gymcore', 'hard', 'nu', 'postgrunge', 'posthardcore']"
Death,LANDMVRKS,../data/images/spectrograms/Death_LANDMVRKS_spectro.png,['metalcore']
Kingdom,Like A Storm,../data/images/spectrograms/Kingdom_Like A Storm_spectro.png,"['alternative', 'gymcore', 'hard', 'posthardcore']"
Skin,Oceans,../data/images/spectrograms/Skin_Oceans_spectro.png,"['metalcore', 'slayer']"
DEATH (Ever Colder),Bury Tomorrow,../data/images/spectrograms/DEATH Ever Colder_Bury Tomorrow_spectro.png,"['melodic', 'metalcore', 'screamo', 'posthardcore']"
I Am That Thirst,Meshuggah,../data/images/spectrograms/I Am That Thirst_Meshuggah_spectro.png,"['alternative', 'djent', 'progressive', 'groove', 'technical', 'thrash']"
Nemesis,Manafest,../data/images/spectrograms/Nemesis_Manafest_spectro.png,"['christian', 'alternative', 'rock', 'hip', 'hop', 'rap']"
Warriors,Onlap,../data/images/spectrograms/Warriors_Onlap_spectro.png,['gymcore']
Abrakadabra,Hardcore Superstar,../data/images/spectrograms/Abrakadabra_Hardcore Superstar_spectro.png,"['glam', 'sleaze', 'rock', 'alternative', 'hard']"
VirUS (feat. Marcus Bischoff of Heaven Shall Burn),Caliban,../data/images/spectrograms/VirUS feat Marcus Bischoff of Heaven Shall Burn_Caliban_spectro.png,"['deathcore', 'metalcore', 'posthardcore', 'melodic']"
Midwinter Calls,Evergrey,../data/images/spectrograms/Midwinter Calls_Evergrey_spectro.png,"['melodic', 'neo', 'classical', 'power', 'progressive']"
The Collapse,Secrets,../data/images/spectrograms/The Collapse_Secrets_spectro.png,"['metalcore', 'pop', 'punk', 'posthardcore', 'screamo']"
Nothing Left To Lose,Octopus Montage,../data/images/spectrograms/Nothing Left To Lose_Octopus Montage_spectro.png,"['pop', 'punk']"
Acid Haze,Abbath,../data/images/spectrograms/Acid Haze_Abbath_spectro.png,"['black rock', 'black']"
Enemy,Traitors,../data/images/spectrograms/Enemy_Traitors_spectro.png,"['downtempo', 'deathcore', 'metallic', 'hardcore', 'progressive']"
Timebomb,Lonewolf,../data/images/spectrograms/Timebomb_Lonewolf_spectro.png,['nu metalcore']
Separation Souvenir,Foreign Hands,../data/images/spectrograms/Separation Souvenir_Foreign Hands_spectro.png,"['metallic', 'hardcore']"
"Cowards Feed, Cowards Bleed",Dying Wish,../data/images/spectrograms/Cowards Feed Cowards Bleed_Dying Wish_spectro.png,"['metallic', 'hardcore', 'modern']"
Your Fire,My Diligent Future,../data/images/spectrograms/Your Fire_My Diligent Future_spectro.png,['gymcore']
Devil,Bloodlines,../data/images/spectrograms/Devil_Bloodlines_spectro.png,"['christian', 'deathcore', 'rock']"
Fears Don't Matter,Blame Me!,../data/images/spectrograms/Fears Dont Matter_Blame Me_spectro.png,"['pop', 'punk']"
Breaking the Silence,Heartless Day,../data/images/spectrograms/Breaking the Silence_Heartless Day_spectro.png,['posthardcore']
ABCDEFuckU,Larry's Emotion,../data/images/spectrograms/ABCDEFuckU_Larrys Emotion_spectro.png,['metalcore']
If Tomorrow Never Comes (Feat. Spencer Charnas of Ice Nine Kills),Bad Wolves,../data/images/spectrograms/If Tomorrow Never Comes Feat Spencer Charnas of Ice Nine Kills_Bad Wolves_spectro.png,"['alternative', 'metal']"
False Providence (feat. Mick Gordon),Monuments,../data/images/spectrograms/False Providence feat Mick Gordon_Monuments_spectro.png,['djent']
F.E.A.R.,Our Last Night,../data/images/spectrograms/FEAR_Our Last Night_spectro.png,"['metalcore', 'modern', 'rock', 'screamo']"
Secrets Of The American Gods - Single Edit,Blind Guardian,../data/images/spectrograms/Secrets Of The American Gods  Single Edit_Blind Guardian_spectro.png,"['power', 'melodic', 'neo', 'classical', 'speed']"
The Lightbringer,Battle Beast,../data/images/spectrograms/The Lightbringer_Battle Beast_spectro.png,"['heavy', 'power', 'melodic']"
Sol Absentia,ERRA,../data/images/spectrograms/Sol Absentia_ERRA_spectro.png,"['melodic', 'metalcore', 'progressive']"
Cancer Culture,Decapitated,../data/images/spectrograms/Cancer Culture_Decapitated_spectro.png,"['death', 'technical', 'groove']"
All Of Us,Dragged Under,../data/images/spectrograms/All Of Us_Dragged Under_spectro.png,['metalcore']
Going Down,Breathe Atlantis,../data/images/spectrograms/Going Down_Breathe Atlantis_spectro.png,"['metalcore', 'posthardcore']"
Apocalypse,Any Given Day,../data/images/spectrograms/Apocalypse_Any Given Day_spectro.png,"['metalcore', 'posthardcore']"
The Nothing,Moonlight Haze,../data/images/spectrograms/The Nothing_Moonlight Haze_spectro.png,"['melodic', 'slayer', 'symphonic', 'power']"
La Danza del Diablo (feat. Barilari),Zenobia,../data/images/spectrograms/La Danza del Diablo feat Barilari_Zenobia_spectro.png,"['latin', 'metal']"
Renegades,Our Promise,../data/images/spectrograms/Renegades_Our Promise_spectro.png,['metalcore']
Infinite Sequential Visions of a Sphere of Hate,And Hell Followed With,../data/images/spectrograms/Infinite Sequential Visions of a Sphere of Hate_And Hell Followed With_spectro.png,"['deathcore', 'melodic', 'metalcore', 'progressive']"
Die For You,Merge,../data/images/spectrograms/Die For You_Merge_spectro.png,"['alternative', 'rock']"
"Our Solemn Hour - Live at Shibuya-AX, Tokyo",Within Temptation,../data/images/spectrograms/Our Solemn Hour  Live at ShibuyaAX Tokyo_Within Temptation_spectro.png,"['gothic', 'symphonic', 'power']"
Unconquered,Miss May I,../data/images/spectrograms/Unconquered_Miss May I_spectro.png,"['melodic', 'deathcore', 'metalcore', 'screamo']"
Better,Palisades,../data/images/spectrograms/Better_Palisades_spectro.png,"['metalcore', 'posthardcore', 'trancecore']"
Weight of Glory,Wolves At The Gate,../data/images/spectrograms/Weight of Glory_Wolves At The Gate_spectro.png,"['christian', 'metalcore', 'rock', 'posthardcore']"
Ghost Shadow,Anvil,../data/images/spectrograms/Ghost Shadow_Anvil_spectro.png,"['hard', 'rock', 'speed', 'thrash']"
Flames,Future Palace,../data/images/spectrograms/Flames_Future Palace_spectro.png,"['posthardcore', 'metalcore']"
Picture Of It,Set to Change,../data/images/spectrograms/Picture Of It_Set to Change_spectro.png,['hardcore']
Tiger Jaw,Waves In Autumn,../data/images/spectrograms/Tiger Jaw_Waves In Autumn_spectro.png,['metalcore']
Race to the Sea,Sabaton,../data/images/spectrograms/Race to the Sea_Sabaton_spectro.png,"['metal', 'power']"
Light The Shortening Fuse,Meshuggah,../data/images/spectrograms/Light The Shortening Fuse_Meshuggah_spectro.png,"['alternative', 'djent', 'progressive', 'groove', 'technical', 'thrash']"
Deadweight,Wolves At The Gate,../data/images/spectrograms/Deadweight_Wolves At The Gate_spectro.png,"['christian', 'metalcore', 'rock', 'posthardcore']"
The Price Of Dreaming,Hollow Front,../data/images/spectrograms/The Price Of Dreaming_Hollow Front_spectro.png,"['metalcore', 'melodic', 'hardcore']"
Dead Talk,Wind Walkers,../data/images/spectrograms/Dead Talk_Wind Walkers_spectro.png,"['metalcore', 'pop', 'punk', 'posthardcore']"
Supernova,Convictions,../data/images/spectrograms/Supernova_Convictions_spectro.png,"['christian', 'metalcore', 'rock']"
Ascending From the Fire,Battledragon,../data/images/spectrograms/Ascending From the Fire_Battledragon_spectro.png,"['power', 'melodic']"
King of The World,Disconnected,../data/images/spectrograms/King of The World_Disconnected_spectro.png,['metal']
Labyrinth,A Sense of Purpose,../data/images/spectrograms/Labyrinth_A Sense of Purpose_spectro.png,['metalcore']
Strike Back,The Lightbringer of Sweden,../data/images/spectrograms/Strike Back_The Lightbringer of Sweden_spectro.png,"['melodic', 'symphonic', 'power']"
Voices of Fire,Deserted Fear,../data/images/spectrograms/Voices of Fire_Deserted Fear_spectro.png,"['death', 'metal']"
God is My Enemy,Crown Magnetar,../data/images/spectrograms/God is My Enemy_Crown Magnetar_spectro.png,"['progressive', 'deathcore']"
Ultraviolet,Silverstein,../data/images/spectrograms/Ultraviolet_Silverstein_spectro.png,"['posthardcore', 'rock', 'metalcore', 'pop', 'punk', 'screamo']"
CHAOS,Hollywood Undead,../data/images/spectrograms/CHAOS_Hollywood Undead_spectro.png,"['alternative', 'modern', 'rock', 'nu', 'rap']"
Brotherhood,HammerFall,../data/images/spectrograms/Brotherhood_HammerFall_spectro.png,"['melodic', 'neo', 'classical', 'power']"
Bad Idea,Blind Channel,../data/images/spectrograms/Bad Idea_Blind Channel_spectro.png,"['oulu', 'trancecore']"
Save Us,Evergrey,../data/images/spectrograms/Save Us_Evergrey_spectro.png,"['melodic', 'neo', 'classical', 'power', 'progressive']"
The Lust Called Knowledge - Re-Recorded 2022,Mors Principium Est,../data/images/spectrograms/The Lust Called Knowledge  ReRecorded 2022_Mors Principium Est_spectro.png,"['death', 'melodeath', 'melodic']"
Wake Me Up,Glass Tides,../data/images/spectrograms/Wake Me Up_Glass Tides_spectro.png,"['melodic', 'hardcore', 'pop', 'punk', 'posthardcore']"
Nightingale,Haken,../data/images/spectrograms/Nightingale_Haken_spectro.png,"['deep', 'progressive', 'rock']"
Wishing Well,Saviour,../data/images/spectrograms/Wishing Well_Saviour_spectro.png,"['posthardcore', 'melodic', 'hardcore', 'metalcore']"
Feed the Fire,Crimson Sun,../data/images/spectrograms/Feed the Fire_Crimson Sun_spectro.png,"['heavy', 'melodic', 'slayer', 'symphonic', 'power']"
Jabr,Padra,../data/images/spectrograms/Jabr_Padra_spectro.png,['metal']
Powerline (feat. Michael Starr),Crashdïet,../data/images/spectrograms/Powerline feat Michael Starr_Crashdet_spectro.png,"['glam', 'hard', 'rock', 'sleaze']"
Radiant Ascension,Fallujah,../data/images/spectrograms/Radiant Ascension_Fallujah_spectro.png,"['black', 'deathcore', 'death', 'djent', 'technical']"
"In Return, I Shed My Flesh",And Hell Followed With,../data/images/spectrograms/In Return I Shed My Flesh_And Hell Followed With_spectro.png,"['deathcore', 'melodic', 'metalcore', 'progressive']"
Complete Control,Misery Index,../data/images/spectrograms/Complete Control_Misery Index_spectro.png,"['death', 'deathcore', 'technical']"
Sinner,Of Virtue,../data/images/spectrograms/Sinner_Of Virtue_spectro.png,['metalcore']
Crystal Prison,Defamed,../data/images/spectrograms/Crystal Prison_Defamed_spectro.png,"['progressive', 'deathcore']"
Darkbloom,We Came As Romans,../data/images/spectrograms/Darkbloom_We Came As Romans_spectro.png,"['christian', 'rock', 'melodic', 'metalcore', 'posthardcore', 'screamo', 'trancecore']"
when we were young,Architects,../data/images/spectrograms/when we were young_Architects_spectro.png,"['mathcore', 'melodic', 'metalcore', 'progressive']"
Better Than You,Dead by April,../data/images/spectrograms/Better Than You_Dead by April_spectro.png,"['alternative', 'christian', 'rock', 'melodic', 'metalcore', 'trancecore']"
Abomination,Northlane,../data/images/spectrograms/Abomination_Northlane_spectro.png,"['metalcore', 'deep', 'melodic', 'djent', 'nu metalcore', 'progressive']"
Together We Rise,Wind Rose,../data/images/spectrograms/Together We Rise_Wind Rose_spectro.png,"['folk', 'power', 'melodic']"
Alien,Caliban,../data/images/spectrograms/Alien_Caliban_spectro.png,"['deathcore', 'metalcore', 'posthardcore', 'melodic']"
BITE BACK,Wake Up Hate,../data/images/spectrograms/BITE BACK_Wake Up Hate_spectro.png,"['deep', 'metalcore', 'gymcore', 'posthardcore']"
Hurt You,Living in Fiction,../data/images/spectrograms/Hurt You_Living in Fiction_spectro.png,['posthardcore']
5 AM,Alex Yarmak,../data/images/spectrograms/5 AM_Alex Yarmak_spectro.png,"['postgrunge', 'alternative', 'rock']"
Defeating Gravity,Future Palace,../data/images/spectrograms/Defeating Gravity_Future Palace_spectro.png,"['posthardcore', 'metalcore']"
Victorious Dinogods,Victorius,../data/images/spectrograms/Victorious Dinogods_Victorius_spectro.png,"['power', 'melodic', 'symphonic']"
Paid In Full,Skull Fist,../data/images/spectrograms/Paid In Full_Skull Fist_spectro.png,"['speed', 'thrash']"
Brighter Side,Destroy Rebuild Until God Shows,../data/images/spectrograms/Brighter Side_Destroy Rebuild Until God Shows_spectro.png,"['metalcore', 'pixie', 'pop', 'punk', 'posthardcore', 'screamo', 'trancecore']"
Servant,Horizon Ignited,../data/images/spectrograms/Servant_Horizon Ignited_spectro.png,"['melodeath', 'metalcore', 'melodic', 'death']"
Prisoner,Thousand Thoughts,../data/images/spectrograms/Prisoner_Thousand Thoughts_spectro.png,"['gymcore', 'posthardcore', 'metalcore']"
fleahouse,Static Dress,../data/images/spectrograms/fleahouse_Static Dress_spectro.png,"['indie', 'rock']"
Keep Breathing,2 Shadows,../data/images/spectrograms/Keep Breathing_2 Shadows_spectro.png,['metal']
Metal Defender,Toxikull,../data/images/spectrograms/Metal Defender_Toxikull_spectro.png,['metal']
AfterLife,Five Finger Death Punch,../data/images/spectrograms/AfterLife_Five Finger Death Punch_spectro.png,"['alternative', 'groove', 'nu']"
Misery,Escape The Madness,../data/images/spectrograms/Misery_Escape The Madness_spectro.png,['metal']
Ready For Combat,Icon For Hire,../data/images/spectrograms/Ready For Combat_Icon For Hire_spectro.png,"['christian', 'alternative', 'rock', 'gothic', 'pixie', 'slayer']"
Nightmare,Within Destruction,../data/images/spectrograms/Nightmare_Within Destruction_spectro.png,"['progressive', 'deathcore']"
Heritage,Hollow Front,../data/images/spectrograms/Heritage_Hollow Front_spectro.png,"['metalcore', 'melodic', 'hardcore']"
Dear Diary,Ultra-Violence,../data/images/spectrograms/Dear Diary_UltraViolence_spectro.png,"['thrash', 'metal']"
Die Alone,Silverstein,../data/images/spectrograms/Die Alone_Silverstein_spectro.png,"['posthardcore', 'rock', 'metalcore', 'pop', 'punk', 'screamo']"
Separate Ways,Eva Under Fire,../data/images/spectrograms/Separate Ways_Eva Under Fire_spectro.png,"['pixie', 'slayer']"
Back to the Rhythm,H.E.A.T,../data/images/spectrograms/Back to the Rhythm_HEAT_spectro.png,"['melodic', 'hard', 'rock', 'modern', 'nightrun']"
Spaceman (feat. FiNCH),Electric Callboy,../data/images/spectrograms/Spaceman feat FiNCH_Electric Callboy_spectro.png,"['comic', 'metalcore', 'trancecore']"
Magellan's Expedition,Alestorm,../data/images/spectrograms/Magellans Expedition_Alestorm_spectro.png,"['power', 'comic', 'folk']"
Dying Star,Empire of Giants,../data/images/spectrograms/Dying Star_Empire of Giants_spectro.png,['metalcore']
A New Responsibility,Upon A Burning Body,../data/images/spectrograms/A New Responsibility_Upon A Burning Body_spectro.png,"['deathcore', 'melodic', 'metalcore']"
Hello Death,Decapitated,../data/images/spectrograms/Hello Death_Decapitated_spectro.png,"['death', 'technical', 'groove']"
From The Fire In You,The Veer Union,../data/images/spectrograms/From The Fire In You_The Veer Union_spectro.png,"['alternative', 'christian', 'rock', 'gymcore', 'hard', 'nu', 'postgrunge', 'posthardcore']"
Strongest Of The Strong,Kreator,../data/images/spectrograms/Strongest Of The Strong_Kreator_spectro.png,"['death', 'thrash', 'hard', 'rock', 'melodic', 'oldschool', 'speed']"
Weapon,Stick To Your Guns,../data/images/spectrograms/Weapon_Stick To Your Guns_spectro.png,"['melodic', 'hardcore', 'metalcore', 'modern']"
Dying To Watch,Patient Sixty-Seven,../data/images/spectrograms/Dying To Watch_Patient SixtySeven_spectro.png,"['deep', 'metalcore', 'posthardcore']"
Invaders,Civil War,../data/images/spectrograms/Invaders_Civil War_spectro.png,"['melodic', 'metal']"
Tidal Wave,Saviour,../data/images/spectrograms/Tidal Wave_Saviour_spectro.png,"['posthardcore', 'melodic', 'hardcore', 'metalcore']"
Infiltrators,Misery Index,../data/images/spectrograms/Infiltrators_Misery Index_spectro.png,"['death', 'deathcore', 'technical']"
Sungazer,Viscera,../data/images/spectrograms/Sungazer_Viscera_spectro.png,['metalcore']
Pure,Mors Principium Est,../data/images/spectrograms/Pure_Mors Principium Est_spectro.png,"['death', 'melodeath', 'melodic']"
A Life in Chains,SuidAkrA,../data/images/spectrograms/A Life in Chains_SuidAkrA_spectro.png,"['folk', 'black', 'melodeath', 'melodic', 'death']"
Broken Cog,Meshuggah,../data/images/spectrograms/Broken Cog_Meshuggah_spectro.png,"['alternative', 'djent', 'progressive', 'groove', 'technical', 'thrash']"
Brothers (Of The Past) - 2022 Version,Iron Savior,../data/images/spectrograms/Brothers Of The Past  2022 Version_Iron Savior_spectro.png,"['power', 'melodic', 'neo', 'classical', 'symphonic']"
Chosen,Banks Arcade,../data/images/spectrograms/Chosen_Banks Arcade_spectro.png,['hardcore']
Sky Is The Limit,April Art,../data/images/spectrograms/Sky Is The Limit_April Art_spectro.png,['slayer']
Offering to the Void,Lords of the Trident,../data/images/spectrograms/Offering to the Void_Lords of the Trident_spectro.png,"['melodic', 'symphonic', 'power']"
Carbonized,Northlane,../data/images/spectrograms/Carbonized_Northlane_spectro.png,"['metalcore', 'deep', 'melodic', 'djent', 'nu metalcore', 'progressive']"
Two Towers,Fit For An Autopsy,../data/images/spectrograms/Two Towers_Fit For An Autopsy_spectro.png,['deathcore']
Soldier of Heaven,Sabaton,../data/images/spectrograms/Soldier of Heaven_Sabaton_spectro.png,"['metal', 'power']"
Of Fury,Shadow of Intent,../data/images/spectrograms/Of Fury_Shadow of Intent_spectro.png,"['melodic', 'deathcore', 'symphonic']"
Slaves Shall Serve,Behemoth,../data/images/spectrograms/Slaves Shall Serve_Behemoth_spectro.png,"['black', 'death', 'folk']"
Heads Up,Future Palace,../data/images/spectrograms/Heads Up_Future Palace_spectro.png,"['posthardcore', 'metalcore']"
Fear Reigns,NORÐ,../data/images/spectrograms/Fear Reigns_NOR_spectro.png,['hardcore']
Hurricane,Dream on Dreamer,../data/images/spectrograms/Hurricane_Dream on Dreamer_spectro.png,"['metalcore', 'posthardcore']"
Subjugated Identity,Hive,../data/images/spectrograms/Subjugated Identity_Hive_spectro.png,"['deathcore', 'progressive', 'djent']"
Aidus,Eluveitie,../data/images/spectrograms/Aidus_Eluveitie_spectro.png,"['pop', 'folk', 'melodic', 'death', 'power']"
Misery,Memphis May Fire,../data/images/spectrograms/Misery_Memphis May Fire_spectro.png,"['melodic', 'metalcore', 'posthardcore', 'screamo']"
Survive,Stratovarius,../data/images/spectrograms/Survive_Stratovarius_spectro.png,"['power', 'melodic', 'neo', 'classical', 'progressive']"
Scoring The End Of The World (feat. Mick Gordon),Motionless In White,../data/images/spectrograms/Scoring The End Of The World feat Mick Gordon_Motionless In White_spectro.png,['metalcore']
Again - Live,Black Stone Cherry,../data/images/spectrograms/Again  Live_Black Stone Cherry_spectro.png,"['alternative', 'modern', 'hard', 'rock', 'nu', 'postgrunge']"
Blood Of The Elves,Blind Guardian,../data/images/spectrograms/Blood Of The Elves_Blind Guardian_spectro.png,"['power', 'melodic', 'neo', 'classical', 'speed']"
Bleed Together,Miss May I,../data/images/spectrograms/Bleed Together_Miss May I_spectro.png,"['melodic', 'deathcore', 'metalcore', 'screamo']"
Demon King,Brand of Sacrifice,../data/images/spectrograms/Demon King_Brand of Sacrifice_spectro.png,"['progressive', 'deathcore', 'symphonic']"
Iconoclast,Decapitated,../data/images/spectrograms/Iconoclast_Decapitated_spectro.png,"['death', 'technical', 'groove']"
Thick As Blood,Hollow Front,../data/images/spectrograms/Thick As Blood_Hollow Front_spectro.png,"['metalcore', 'melodic', 'hardcore']"
Reborn,Xandria,../data/images/spectrograms/Reborn_Xandria_spectro.png,"['gothic', 'symphonic', 'melodic', 'opera']"
Blame The Dead,Ovtlier,../data/images/spectrograms/Blame The Dead_Ovtlier_spectro.png,['gymcore']
Beyond Your Reach,Horizon Ignited,../data/images/spectrograms/Beyond Your Reach_Horizon Ignited_spectro.png,"['melodeath', 'metalcore', 'melodic', 'death']"
Losing You,Our Promise,../data/images/spectrograms/Losing You_Our Promise_spectro.png,['metalcore']
Wake Up,Main-De-Gloire,../data/images/spectrograms/Wake Up_MainDeGloire_spectro.png,['posthardcore']
Justitia (feat. Sven de Caluwé),BAEST,../data/images/spectrograms/Justitia feat Sven de Caluw_BAEST_spectro.png,"['death', 'metal']"
Stairs Of Ragusa,Mentalist,../data/images/spectrograms/Stairs Of Ragusa_Mentalist_spectro.png,"['power', 'melodic', 'symphonic']"
Sea of Red,So It Begins,../data/images/spectrograms/Sea of Red_So It Begins_spectro.png,['metalcore']
Psalms of Death,Lonewolf,../data/images/spectrograms/Psalms of Death_Lonewolf_spectro.png,['nu metalcore']
If I Had Wings,Xaon,../data/images/spectrograms/If I Had Wings_Xaon_spectro.png,"['melodic', 'death', 'symphonic']"
Not Gonna Make It,Aphyxion,../data/images/spectrograms/Not Gonna Make It_Aphyxion_spectro.png,"['death', 'metal']"
Polaris,Eighteen April,../data/images/spectrograms/Polaris_Eighteen April_spectro.png,['metal']
Faded Out (feat. Within Temptation),Asking Alexandria,../data/images/spectrograms/Faded Out feat Within Temptation_Asking Alexandria_spectro.png,"['melodic', 'metalcore', 'screamo', 'trancecore']"
Sunset over the Empire,Arch Enemy,../data/images/spectrograms/Sunset over the Empire_Arch Enemy_spectro.png,"['death', 'melodic', 'melodeath']"
Coming Storm,Septicflesh,../data/images/spectrograms/Coming Storm_Septicflesh_spectro.png,"['melodic', 'death', 'symphonic']"
Cut Throat,Fame on Fire,../data/images/spectrograms/Cut Throat_Fame on Fire_spectro.png,['posthardcore']
Suffer,Dragged Under,../data/images/spectrograms/Suffer_Dragged Under_spectro.png,['metalcore']
Wind of Change,Any Given Day,../data/images/spectrograms/Wind of Change_Any Given Day_spectro.png,"['metalcore', 'posthardcore']"
The Wicked Rule The Night,Avantasia,../data/images/spectrograms/The Wicked Rule The Night_Avantasia_spectro.png,"['power', 'melodic', 'neo', 'classical', 'opera', 'symphonic']"
Jabberwocky,RedHook,../data/images/spectrograms/Jabberwocky_RedHook_spectro.png,"['alternative', 'rock', 'slayer']"
Hell Is My Purgatory,Grave Digger,../data/images/spectrograms/Hell Is My Purgatory_Grave Digger_spectro.png,"['power', 'hard', 'rock', 'melodic', 'neo', 'classical', 'speed']"
Uninstall,Our Last Night,../data/images/spectrograms/Uninstall_Our Last Night_spectro.png,"['metalcore', 'modern', 'rock', 'screamo']"
UFO Party,Young Medicine,../data/images/spectrograms/UFO Party_Young Medicine_spectro.png,"['gymcore', 'posthardcore']"
Cloud Connected,Ember Falls,../data/images/spectrograms/Cloud Connected_Ember Falls_spectro.png,"['electronic', 'djent', 'melodic']"
Cronus,White Ward,../data/images/spectrograms/Cronus_White Ward_spectro.png,"['atmospheric', 'black', 'death']"
Deathbound (feat. Rob Watson),Get The Shot,../data/images/spectrograms/Deathbound feat Rob Watson_Get The Shot_spectro.png,"['hardcore', 'punk']"
IMAGO,Space Of Variations,../data/images/spectrograms/IMAGO_Space Of Variations_spectro.png,"['metal', 'metalcore']"
Ov My Herculean Exile,Behemoth,../data/images/spectrograms/Ov My Herculean Exile_Behemoth_spectro.png,"['black', 'death', 'folk']"
IOU,Five Finger Death Punch,../data/images/spectrograms/IOU_Five Finger Death Punch_spectro.png,"['alternative', 'groove', 'nu']"
Övergivenheten - Single Edit,Soilwork,../data/images/spectrograms/vergivenheten  Single Edit_Soilwork_spectro.png,"['alternative', 'melodic', 'death', 'groove', 'metalcore', 'nu', 'melodeath']"
Slaughterhouse (feat. Bryan Garris Of Knocked Loose),Motionless In White,../data/images/spectrograms/Slaughterhouse feat Bryan Garris Of Knocked Loose_Motionless In White_spectro.png,['metalcore']
PSYCHO,Self Deception,../data/images/spectrograms/PSYCHO_Self Deception_spectro.png,"['gymcore', 'posthardcore', 'alternative', 'rock']"
Sun//Eater,Lorna Shore,../data/images/spectrograms/SunEater_Lorna Shore_spectro.png,"['black', 'deathcore', 'symphonic']"
Battle of Life,Civil War,../data/images/spectrograms/Battle of Life_Civil War_spectro.png,"['melodic', 'metal']"
Cross My Heart,Eyes Wide Open,../data/images/spectrograms/Cross My Heart_Eyes Wide Open_spectro.png,"['gymcore', 'metalcore', 'rock']"
On the Sea,Tungsten,../data/images/spectrograms/On the Sea_Tungsten_spectro.png,"['melodic', 'metal']"
Suffocate,Execution Day,../data/images/spectrograms/Suffocate_Execution Day_spectro.png,['metalcore']
White Rabbit,Saving Vice,../data/images/spectrograms/White Rabbit_Saving Vice_spectro.png,"['metalcore', 'melodic', 'posthardcore']"
Beyond the Grave,Jungle Rot,../data/images/spectrograms/Beyond the Grave_Jungle Rot_spectro.png,"['death', 'metal']"
Psycho,Memoremains,../data/images/spectrograms/Psycho_Memoremains_spectro.png,"['melodic', 'slayer', 'symphonic']"
Talk to Me,Scarlett O'Hara,../data/images/spectrograms/Talk to Me_Scarlett OHara_spectro.png,"['metalcore', 'screamo', 'trancecore']"
Sacred Heart,Mob Rules,../data/images/spectrograms/Sacred Heart_Mob Rules_spectro.png,"['power', 'melodic', 'neo', 'classical']"
Rend Asunder,Psycroptic,../data/images/spectrograms/Rend Asunder_Psycroptic_spectro.png,"['death', 'technical']"
I Don't Know You,Thundermother,../data/images/spectrograms/I Dont Know You_Thundermother_spectro.png,"['modern', 'hard', 'rock']"
Break The Habit,Manafest,../data/images/spectrograms/Break The Habit_Manafest_spectro.png,"['christian', 'alternative', 'rock', 'hip', 'hop', 'rap']"
Thinking in Tongues,Suicide Silence,../data/images/spectrograms/Thinking in Tongues_Suicide Silence_spectro.png,"['deathcore', 'melodic', 'metalcore']"
Code of Honor,Upon A Burning Body,../data/images/spectrograms/Code of Honor_Upon A Burning Body_spectro.png,"['deathcore', 'melodic', 'metalcore']"
Your Turn,Memphis May Fire,../data/images/spectrograms/Your Turn_Memphis May Fire_spectro.png,"['melodic', 'metalcore', 'posthardcore', 'screamo']"
Monarch,FALSET,../data/images/spectrograms/Monarch_FALSET_spectro.png,['metalcore']
Creature,BAEST,../data/images/spectrograms/Creature_BAEST_spectro.png,"['death', 'metal']"
Golden,Cabin Boy Jumped Ship,../data/images/spectrograms/Golden_Cabin Boy Jumped Ship_spectro.png,"['electronic', 'djent', 'metalcore', 'posthardcore']"
I Will Return,Earth Caller,../data/images/spectrograms/I Will Return_Earth Caller_spectro.png,['posthardcore']
Venenosa,Thousand Below,../data/images/spectrograms/Venenosa_Thousand Below_spectro.png,"['metalcore', 'posthardcore']"
The Vulture Club,Fozzy,../data/images/spectrograms/The Vulture Club_Fozzy_spectro.png,"['alternative', 'comic']"
Breathing Divinity,Jani Liimatainen,../data/images/spectrograms/Breathing Divinity_Jani Liimatainen_spectro.png,"['melodic', 'metal']"
The Light,Seventh Wonder,../data/images/spectrograms/The Light_Seventh Wonder_spectro.png,"['deep', 'progressive', 'rock', 'melodic', 'neo', 'classical', 'power']"
Diamond Handed,Seven Kingdoms,../data/images/spectrograms/Diamond Handed_Seven Kingdoms_spectro.png,"['melodic', 'power', 'thrash', 'symphonic']"
Coming for You,Motor Sister,../data/images/spectrograms/Coming for You_Motor Sister_spectro.png,"['modern', 'hard', 'rock']"
Lust,Kneel Before the Death,../data/images/spectrograms/Lust_Kneel Before the Death_spectro.png,['metalcore']
Secrets (feat. Iggy Pop and Randy Blythe),ONI,../data/images/spectrograms/Secrets feat Iggy Pop and Randy Blythe_ONI_spectro.png,['metalcore']
Bloodline,Awake At Last,../data/images/spectrograms/Bloodline_Awake At Last_spectro.png,"['gymcore', 'posthardcore']"
Context,DREGG,../data/images/spectrograms/Context_DREGG_spectro.png,['posthardcore']
Tempest Of Blades,Battle Beast,../data/images/spectrograms/Tempest Of Blades_Battle Beast_spectro.png,"['heavy', 'power', 'melodic']"
DEATH (By Modern Error),Bury Tomorrow,../data/images/spectrograms/DEATH By Modern Error_Bury Tomorrow_spectro.png,"['melodic', 'metalcore', 'screamo', 'posthardcore']"
Ecstasies in night infinite,Watain,../data/images/spectrograms/Ecstasies in night infinite_Watain_spectro.png,"['black', 'dark']"
Fly Away,Gloryhammer,../data/images/spectrograms/Fly Away_Gloryhammer_spectro.png,"['power', 'comic', 'melodic', 'symphonic']"
Patient Number 9 (feat. Jeff Beck),Ozzy Osbourne,../data/images/spectrograms/Patient Number 9 feat Jeff Beck_Ozzy Osbourne_spectro.png,"['rock', 'hard']"
Rotoscope,Spiritbox,../data/images/spectrograms/Rotoscope_Spiritbox_spectro.png,['metalcore']
Into the Earth,Lorna Shore,../data/images/spectrograms/Into the Earth_Lorna Shore_spectro.png,"['black', 'deathcore', 'symphonic']"
Ketamine,Fame on Fire,../data/images/spectrograms/Ketamine_Fame on Fire_spectro.png,['posthardcore']
Reaper,Fit For A King,../data/images/spectrograms/Reaper_Fit For A King_spectro.png,"['christian', 'metalcore', 'rock', 'melodic', 'posthardcore']"
Wolf Within,Jonathan Young,../data/images/spectrograms/Wolf Within_Jonathan Young_spectro.png,"['metal', 'otacore']"
Seventh Rum of a Seventh Rum,Alestorm,../data/images/spectrograms/Seventh Rum of a Seventh Rum_Alestorm_spectro.png,"['power', 'comic', 'folk']"
Hotel Underground,Alpha Wolf,../data/images/spectrograms/Hotel Underground_Alpha Wolf_spectro.png,"['posthardcore', 'metalcore', 'nu metalcore']"
In Extremis,Queensrÿche,../data/images/spectrograms/In Extremis_Queensrche_spectro.png,"['rock', 'glam', 'hard', 'progressive', 'power']"
Engine No. 9,Suicide Silence,../data/images/spectrograms/Engine No 9_Suicide Silence_spectro.png,"['deathcore', 'melodic', 'metalcore']"
Natural Born Killer,Dynazty,../data/images/spectrograms/Natural Born Killer_Dynazty_spectro.png,"['melodic', 'nightrun', 'hard', 'rock']"
Repent,Halocene,../data/images/spectrograms/Repent_Halocene_spectro.png,['pixie']
VIOLENT PRINCIPLES,Adema,../data/images/spectrograms/VIOLENT PRINCIPLES_Adema_spectro.png,"['alternative', 'industrial', 'nu', 'postgrunge', 'rap', 'rock']"
King Of The Kings,Grave Digger,../data/images/spectrograms/King Of The Kings_Grave Digger_spectro.png,"['power', 'hard', 'rock', 'melodic', 'neo', 'classical', 'speed']"
What If,For The Fallen Dreams,../data/images/spectrograms/What If_For The Fallen Dreams_spectro.png,"['deathcore', 'melodic', 'hardcore', 'metalcore']"
My World,AVOID,../data/images/spectrograms/My World_AVOID_spectro.png,['metalcore']
White Eyes,Hopes Die Last,../data/images/spectrograms/White Eyes_Hopes Die Last_spectro.png,"['melodic', 'metalcore', 'posthardcore', 'screamo', 'trancecore']"
Black Water,"Time, The Valuator",../data/images/spectrograms/Black Water_Time The Valuator_spectro.png,['metalcore']
iudicium per ignem,Dead/Awake,../data/images/spectrograms/iudicium per ignem_DeadAwake_spectro.png,"['deathcore', 'metallic', 'hardcore', 'progressive']"
State Of Slow Decay,In Flames,../data/images/spectrograms/State Of Slow Decay_In Flames_spectro.png,"['alternative', 'melodic', 'death', 'metalcore', 'nu', 'melodeath']"
Choose Your Fighter,Nova Twins,../data/images/spectrograms/Choose Your Fighter_Nova Twins_spectro.png,"['black', 'punk']"
Heartache,From Ashes to New,../data/images/spectrograms/Heartache_From Ashes to New_spectro.png,['posthardcore']
Off To War!,Behemoth,../data/images/spectrograms/Off To War_Behemoth_spectro.png,"['black', 'death', 'folk']"
Nous Sommes la Guerre,Soilwork,../data/images/spectrograms/Nous Sommes la Guerre_Soilwork_spectro.png,"['alternative', 'melodic', 'death', 'groove', 'metalcore', 'nu', 'melodeath']"
Dismantled,Icon For Hire,../data/images/spectrograms/Dismantled_Icon For Hire_spectro.png,"['christian', 'alternative', 'rock', 'gothic', 'pixie', 'slayer']"
Unbroken,Onlap,../data/images/spectrograms/Unbroken_Onlap_spectro.png,['gymcore']
Reincarnation,Beyond The Black,../data/images/spectrograms/Reincarnation_Beyond The Black_spectro.png,"['gothic', 'symphonic', 'melodic', 'slayer']"
Rats Return,Porcupine Tree,../data/images/spectrograms/Rats Return_Porcupine Tree_spectro.png,"['alternative', 'rock', 'progressive', 'symphonic']"
Sober,Palisades,../data/images/spectrograms/Sober_Palisades_spectro.png,"['metalcore', 'posthardcore', 'trancecore']"
Against My Sins,ONI,../data/images/spectrograms/Against My Sins_ONI_spectro.png,['metalcore']
Survival,Within Destruction,../data/images/spectrograms/Survival_Within Destruction_spectro.png,"['progressive', 'deathcore']"
Oblivion,Civil War,../data/images/spectrograms/Oblivion_Civil War_spectro.png,"['melodic', 'metal']"
Living Fiction,Awake At Last,../data/images/spectrograms/Living Fiction_Awake At Last_spectro.png,"['gymcore', 'posthardcore']"
Survival Denied,Get The Shot,../data/images/spectrograms/Survival Denied_Get The Shot_spectro.png,"['hardcore', 'punk']"
Exitus,Psycroptic,../data/images/spectrograms/Exitus_Psycroptic_spectro.png,"['death', 'technical']"
Empire,Memoremains,../data/images/spectrograms/Empire_Memoremains_spectro.png,"['melodic', 'slayer', 'symphonic']"
Power,Toxik,../data/images/spectrograms/Power_Toxik_spectro.png,"['oldschool', 'thrash', 'speed', 'technical']"
Ashen Memories,Mire Lore,../data/images/spectrograms/Ashen Memories_Mire Lore_spectro.png,"['progressive', 'deathcore']"
Stand Down,Bleed From Within,../data/images/spectrograms/Stand Down_Bleed From Within_spectro.png,"['deathcore', 'melodic', 'metalcore']"
Glitch,Parkway Drive,../data/images/spectrograms/Glitch_Parkway Drive_spectro.png,"['metalcore', 'melodic']"
Nevermore,Lamb of God,../data/images/spectrograms/Nevermore_Lamb of God_spectro.png,"['alternative', 'groove', 'melodic', 'metalcore', 'nu']"
Welcome To The Circus,Five Finger Death Punch,../data/images/spectrograms/Welcome To The Circus_Five Finger Death Punch_spectro.png,"['alternative', 'groove', 'nu']"
Sign Of Life,Motionless In White,../data/images/spectrograms/Sign Of Life_Motionless In White_spectro.png,['metalcore']
Don't Fix Me,Blind Channel,../data/images/spectrograms/Dont Fix Me_Blind Channel_spectro.png,"['oulu', 'trancecore']"
Salt,The Devil Wears Prada,../data/images/spectrograms/Salt_The Devil Wears Prada_spectro.png,"['christian', 'metalcore', 'melodic']"
Blow,Eva Under Fire,../data/images/spectrograms/Blow_Eva Under Fire_spectro.png,"['pixie', 'slayer']"
Become Immortal,Kreator,../data/images/spectrograms/Become Immortal_Kreator_spectro.png,"['death', 'thrash', 'hard', 'rock', 'melodic', 'oldschool', 'speed']"
Aching Longing,Holding Absence,../data/images/spectrograms/Aching Longing_Holding Absence_spectro.png,"['metalcore', 'pop', 'punk']"
Wide Open,Ov Sulfur,../data/images/spectrograms/Wide Open_Ov Sulfur_spectro.png,"['black', 'deathcore']"
Fellows of the Hammer,Wind Rose,../data/images/spectrograms/Fellows of the Hammer_Wind Rose_spectro.png,"['folk', 'power', 'melodic']"
Dead Inside,Future Palace,../data/images/spectrograms/Dead Inside_Future Palace_spectro.png,"['posthardcore', 'metalcore']"
Nihilus,Carcosa,../data/images/spectrograms/Nihilus_Carcosa_spectro.png,"['melodic', 'metalcore', 'progressive', 'deathcore']"
Something Man,FALSET,../data/images/spectrograms/Something Man_FALSET_spectro.png,['metalcore']
The Snow,Devil May Care,../data/images/spectrograms/The Snow_Devil May Care_spectro.png,['posthardcore']
Antagonist,Make Way for Man,../data/images/spectrograms/Antagonist_Make Way for Man_spectro.png,['metal']
Invincible,Seventh Wonder,../data/images/spectrograms/Invincible_Seventh Wonder_spectro.png,"['deep', 'progressive', 'rock', 'melodic', 'neo', 'classical', 'power']"
Brotherhood,Sinner,../data/images/spectrograms/Brotherhood_Sinner_spectro.png,"['hard', 'rock']"
Hollywood,H.E.A.T,../data/images/spectrograms/Hollywood_HEAT_spectro.png,"['melodic', 'hard', 'rock', 'modern', 'nightrun']"
Get in the Ring,Amon Amarth,../data/images/spectrograms/Get in the Ring_Amon Amarth_spectro.png,"['death', 'melodic', 'melodeath', 'folk']"
Never Coming Back,Wake Up Hate,../data/images/spectrograms/Never Coming Back_Wake Up Hate_spectro.png,"['deep', 'metalcore', 'gymcore', 'posthardcore']"
Spectral Light,Buried Realm,../data/images/spectrograms/Spectral Light_Buried Realm_spectro.png,"['melodeath', 'melodic', 'death', 'technical']"
The System is Racist and Oppressive,Antagonist A.D,../data/images/spectrograms/The System is Racist and Oppressive_Antagonist AD_spectro.png,"['hardcore', 'punk']"
Hypocrite,Of Virtue,../data/images/spectrograms/Hypocrite_Of Virtue_spectro.png,['metalcore']
Real World,DIRT,../data/images/spectrograms/Real World_DIRT_spectro.png,"['postgrunge', 'hard', 'rock']"
Maze,The Curse Of Millhaven,../data/images/spectrograms/Maze_The Curse Of Millhaven_spectro.png,"['death', 'metal']"
Unwavering Vow,Counterparts,../data/images/spectrograms/Unwavering Vow_Counterparts_spectro.png,"['hardcore', 'deep', 'melodic', 'metalcore', 'indie', 'rock', 'modern', 'pop', 'punk']"
Voices In My Head,Falling In Reverse,../data/images/spectrograms/Voices In My Head_Falling In Reverse_spectro.png,"['metalcore', 'modern', 'rock', 'pop', 'punk', 'rap']"
Dying Light,Exocrine,../data/images/spectrograms/Dying Light_Exocrine_spectro.png,"['death', 'progressive', 'technical']"
Sovereign,Bleed From Within,../data/images/spectrograms/Sovereign_Bleed From Within_spectro.png,"['deathcore', 'melodic', 'metalcore']"
Everybody's Fool,Halocene,../data/images/spectrograms/Everybodys Fool_Halocene_spectro.png,['pixie']
The Signal Fire (Live),Killswitch Engage,../data/images/spectrograms/The Signal Fire Live_Killswitch Engage_spectro.png,"['alternative', 'melodic', 'metalcore', 'nu']"
The Battle of Cape Fear River,Alestorm,../data/images/spectrograms/The Battle of Cape Fear River_Alestorm_spectro.png,"['power', 'comic', 'folk']"
LIFE (Paradise Denied),Bury Tomorrow,../data/images/spectrograms/LIFE Paradise Denied_Bury Tomorrow_spectro.png,"['melodic', 'metalcore', 'screamo', 'posthardcore']"
The Iron Flame,Buried Realm,../data/images/spectrograms/The Iron Flame_Buried Realm_spectro.png,"['melodeath', 'melodic', 'death', 'technical']"
The Power of the Nightstar,Dragonland,../data/images/spectrograms/The Power of the Nightstar_Dragonland_spectro.png,"['melodic', 'neo', 'classical', 'power', 'symphonic']"
Beneath the Nightfall,Aeternam,../data/images/spectrograms/Beneath the Nightfall_Aeternam_spectro.png,"['melodic', 'death', 'symphonic']"
Pawns & Kings,Alter Bridge,../data/images/spectrograms/Pawns  Kings_Alter Bridge_spectro.png,"['alternative', 'nu', 'postgrunge', 'rock']"
Can't Help but Hate,Terror,../data/images/spectrograms/Cant Help but Hate_Terror_spectro.png,"['hardcore', 'melodic']"
Degradation Rules (feat. Tony Iommi),Ozzy Osbourne,../data/images/spectrograms/Degradation Rules feat Tony Iommi_Ozzy Osbourne_spectro.png,"['rock', 'hard']"
A Treatise Of Human Nature,Moonshade,../data/images/spectrograms/A Treatise Of Human Nature_Moonshade_spectro.png,"['melodic', 'death']"
Believe,Dope,../data/images/spectrograms/Believe_Dope_spectro.png,"['alternative', 'industrial', 'rock', 'nu', 'rap']"
Forest,Queensrÿche,../data/images/spectrograms/Forest_Queensrche_spectro.png,"['rock', 'glam', 'hard', 'progressive', 'power']"
Tight Rope XX,Lacuna Coil,../data/images/spectrograms/Tight Rope XX_Lacuna Coil_spectro.png,"['alternative', 'gothic', 'symphonic', 'slayer']"
Sleep Explosion,Norma Jean,../data/images/spectrograms/Sleep Explosion_Norma Jean_spectro.png,"['metalcore', 'christian', 'hardcore', 'mathcore', 'melodic', 'posthardcore', 'screamo']"
(Not) Enough,Fight The Fade,../data/images/spectrograms/Not Enough_Fight The Fade_spectro.png,"['christian', 'rock', 'gymcore', 'metalcore', 'posthardcore']"
:Signal:,Silent Planet,../data/images/spectrograms/Signal_Silent Planet_spectro.png,"['christian', 'metalcore', 'progressive']"
To Take Your Place,156/Silence,../data/images/spectrograms/To Take Your Place_156Silence_spectro.png,"['mathcore', 'metallic', 'hardcore']"
"Everywhere, Everything",Polar,../data/images/spectrograms/Everywhere Everything_Polar_spectro.png,"['melodic', 'hardcore']"
The Twenty Fifth Hour,Hatriot,../data/images/spectrograms/The Twenty Fifth Hour_Hatriot_spectro.png,"['thrash', 'metal']"
Full Fathom Five,Atlantis Chronicles,../data/images/spectrograms/Full Fathom Five_Atlantis Chronicles_spectro.png,"['progressive', 'technical', 'death', 'melodic']"
Venerate (The Undoing of All),Wake,../data/images/spectrograms/Venerate The Undoing of All_Wake_spectro.png,"['death', 'mathcore', 'black']"
Rising High,April Art,../data/images/spectrograms/Rising High_April Art_spectro.png,['slayer']
Hey You,Disturbed,../data/images/spectrograms/Hey You_Disturbed_spectro.png,"['alternative', 'nu', 'rap']"
In the Eye of the Storm,Arch Enemy,../data/images/spectrograms/In the Eye of the Storm_Arch Enemy_spectro.png,"['death', 'melodic', 'melodeath']"
Dreams of Nowhere,Soilwork,../data/images/spectrograms/Dreams of Nowhere_Soilwork_spectro.png,"['alternative', 'melodic', 'death', 'groove', 'metalcore', 'nu', 'melodeath']"
Soul Revolution,Fire From The Gods,../data/images/spectrograms/Soul Revolution_Fire From The Gods_spectro.png,"['conscious', 'hip', 'hop', 'posthardcore']"
DEFENSE MECHANISM,Demon Hunter,../data/images/spectrograms/DEFENSE MECHANISM_Demon Hunter_spectro.png,"['alternative', 'christian', 'rock', 'metalcore', 'melodic']"
SOS,Hämatom,../data/images/spectrograms/SOS_Hmatom_spectro.png,"['rock', 'hard']"
Lie To My Face (2022),Carnifex,../data/images/spectrograms/Lie To My Face 2022_Carnifex_spectro.png,"['black', 'deathcore', 'melodic', 'metalcore', 'symphonic']"
Savage World,Andromida,../data/images/spectrograms/Savage World_Andromida_spectro.png,"['djent', 'instrumental', 'progressive', 'metalcore']"
The Curtain of White Silence,Lacrimas Profundere,../data/images/spectrograms/The Curtain of White Silence_Lacrimas Profundere_spectro.png,"['dark', 'rock', 'gothic', 'symphonic']"
A Fool's Errand,Psycroptic,../data/images/spectrograms/A Fools Errand_Psycroptic_spectro.png,"['death', 'technical']"
The Last Generation,Sinner,../data/images/spectrograms/The Last Generation_Sinner_spectro.png,"['hard', 'rock']"
The Remnant,Becoming The Archetype,../data/images/spectrograms/The Remnant_Becoming The Archetype_spectro.png,"['christian', 'hardcore', 'rock', 'progressive', 'death', 'christian black']"
Submarine,Voyager,../data/images/spectrograms/Submarine_Voyager_spectro.png,"['deep', 'progressive', 'rock']"
Slow Burn,RVNT,../data/images/spectrograms/Slow Burn_RVNT_spectro.png,"['metalcore', 'melodic']"
Sleepwalking,Circles,../data/images/spectrograms/Sleepwalking_Circles_spectro.png,['djent']
Times Like These,Five Finger Death Punch,../data/images/spectrograms/Times Like These_Five Finger Death Punch_spectro.png,"['alternative', 'groove', 'nu']"
Don't Pray For Me,Within Temptation,../data/images/spectrograms/Dont Pray For Me_Within Temptation_spectro.png,"['gothic', 'symphonic', 'power']"
The Greatest Fear,Parkway Drive,../data/images/spectrograms/The Greatest Fear_Parkway Drive_spectro.png,"['metalcore', 'melodic']"
The Great Heathen Army,Amon Amarth,../data/images/spectrograms/The Great Heathen Army_Amon Amarth_spectro.png,"['death', 'melodic', 'melodeath', 'folk']"
Rain Down,Solence,../data/images/spectrograms/Rain Down_Solence_spectro.png,['posthardcore']
Fuckboi (feat. Conquer Divide),Electric Callboy,../data/images/spectrograms/Fuckboi feat Conquer Divide_Electric Callboy_spectro.png,"['comic', 'metalcore', 'trancecore']"
Trap God,Hollywood Undead,../data/images/spectrograms/Trap God_Hollywood Undead_spectro.png,"['alternative', 'modern', 'rock', 'nu', 'rap']"
Pull From The Ghost,ERRA,../data/images/spectrograms/Pull From The Ghost_ERRA_spectro.png,"['melodic', 'metalcore', 'progressive']"
No Hope 'Til Now,The Veer Union,../data/images/spectrograms/No Hope Til Now_The Veer Union_spectro.png,"['alternative', 'christian', 'rock', 'gymcore', 'hard', 'nu', 'postgrunge', 'posthardcore']"
Rest Your Head,Left to Suffer,../data/images/spectrograms/Rest Your Head_Left to Suffer_spectro.png,['metalcore']
Spearmint Revolt,Norma Jean,../data/images/spectrograms/Spearmint Revolt_Norma Jean_spectro.png,"['metalcore', 'christian', 'hardcore', 'mathcore', 'melodic', 'posthardcore', 'screamo']"
Alive or Only Burning,Blind Channel,../data/images/spectrograms/Alive or Only Burning_Blind Channel_spectro.png,"['oulu', 'trancecore']"
Summertown,Our Mirage,../data/images/spectrograms/Summertown_Our Mirage_spectro.png,"['posthardcore', 'gymcore', 'metalcore']"
Enigmatic Pandemonium,DeadSquad,../data/images/spectrograms/Enigmatic Pandemonium_DeadSquad_spectro.png,"['death', 'deathcore', 'hardcore', 'indie']"
Embrace Oblivion,Fallujah,../data/images/spectrograms/Embrace Oblivion_Fallujah_spectro.png,"['black', 'deathcore', 'death', 'djent', 'technical']"
Call Me Snake,The 69 Eyes,../data/images/spectrograms/Call Me Snake_The 69 Eyes_spectro.png,"['dark', 'rock', 'hard', 'gothic']"
Diabolical Majesty,Revocation,../data/images/spectrograms/Diabolical Majesty_Revocation_spectro.png,"['death', 'technical', 'thrash']"
Reflections,VENUES,../data/images/spectrograms/Reflections_VENUES_spectro.png,"['metalcore', 'posthardcore', 'slayer']"
Shine On,The Dead Daisies,../data/images/spectrograms/Shine On_The Dead Daisies_spectro.png,"['hard', 'rock', 'modern', 'classic']"
Terranova,Fallen Sanctuary,../data/images/spectrograms/Terranova_Fallen Sanctuary_spectro.png,"['melodic', 'symphonic', 'power']"
Without Warning,Altaria,../data/images/spectrograms/Without Warning_Altaria_spectro.png,"['power', 'melodic', 'neo', 'classical', 'symphonic']"
World on Fire,Stratovarius,../data/images/spectrograms/World on Fire_Stratovarius_spectro.png,"['power', 'melodic', 'neo', 'classical', 'progressive']"
Damage Done,Bleeding Through,../data/images/spectrograms/Damage Done_Bleeding Through_spectro.png,"['deathcore', 'melodic', 'metalcore']"
The Body,Bad Wolves,../data/images/spectrograms/The Body_Bad Wolves_spectro.png,"['alternative', 'metal']"
Earth Shaker,Miss May I,../data/images/spectrograms/Earth Shaker_Miss May I_spectro.png,"['melodic', 'deathcore', 'metalcore', 'screamo']"
White Washed - 2022,August Burns Red,../data/images/spectrograms/White Washed  2022_August Burns Red_spectro.png,"['christian', 'metalcore', 'melodic', 'screamo']"
SILENCE THE WORLD,Demon Hunter,../data/images/spectrograms/SILENCE THE WORLD_Demon Hunter_spectro.png,"['alternative', 'christian', 'rock', 'metalcore', 'melodic']"
Crystalline - Orchestral Version,Amaranthe,../data/images/spectrograms/Crystalline  Orchestral Version_Amaranthe_spectro.png,"['gothic', 'symphonic', 'power']"
Fever,Citizen Soldier,../data/images/spectrograms/Fever_Citizen Soldier_spectro.png,['gymcore']
Zombie Inferno,Bloodbath,../data/images/spectrograms/Zombie Inferno_Bloodbath_spectro.png,"['black', 'death', 'technical']"
Break Me Down,Cemetery Sun,../data/images/spectrograms/Break Me Down_Cemetery Sun_spectro.png,"['modern', 'alternative', 'rock']"
Quicksand (feat. Michael Swank),Outline In Color,../data/images/spectrograms/Quicksand feat Michael Swank_Outline In Color_spectro.png,"['melodic', 'metalcore', 'posthardcore', 'screamo', 'trancecore']"
Shade Astray,Invent Animate,../data/images/spectrograms/Shade Astray_Invent Animate_spectro.png,"['metalcore', 'melodic', 'progressive']"
Leeches,Crazy Town,../data/images/spectrograms/Leeches_Crazy Town_spectro.png,"['alternative', 'groove', 'nu', 'rap', 'rock']"
Your Love I'll Never Need,Ocean Sleeper,../data/images/spectrograms/Your Love Ill Never Need_Ocean Sleeper_spectro.png,"['posthardcore', 'metalcore']"
Novocaine,ENMY,../data/images/spectrograms/Novocaine_ENMY_spectro.png,"['gymcore', 'metalcore', 'posthardcore']"
Morbid Symphony,Ultra-Violence,../data/images/spectrograms/Morbid Symphony_UltraViolence_spectro.png,"['thrash', 'metal']"
Dogma,Satyr,../data/images/spectrograms/Dogma_Satyr_spectro.png,"['progressive', 'posthardcore']"
Guiding Light,Horizon Ignited,../data/images/spectrograms/Guiding Light_Horizon Ignited_spectro.png,"['melodeath', 'metalcore', 'melodic', 'death']"
Witching Hour,Witchery,../data/images/spectrograms/Witching Hour_Witchery_spectro.png,"['black', 'thrash', 'death']"
Void,Speaking With Ghosts,../data/images/spectrograms/Void_Speaking With Ghosts_spectro.png,"['metalcore', 'melodic', 'posthardcore']"
Salve,Gaerea,../data/images/spectrograms/Salve_Gaerea_spectro.png,"['metal', 'black']"
Oak and Ash,Fellowship,../data/images/spectrograms/Oak and Ash_Fellowship_spectro.png,"['power', 'melodic', 'symphonic']"
Come Alive,Virtual Symmetry,../data/images/spectrograms/Come Alive_Virtual Symmetry_spectro.png,"['progressive', 'metal']"
Vultures of North,Orbit Culture,../data/images/spectrograms/Vultures of North_Orbit Culture_spectro.png,"['melodic', 'death', 'melodeath']"
Battle X City,"Our Hollow, Our Home",../data/images/spectrograms/Battle X City_Our Hollow Our Home_spectro.png,"['melodic', 'metalcore', 'posthardcore']"
Divination of Doom,Get The Shot,../data/images/spectrograms/Divination of Doom_Get The Shot_spectro.png,"['hardcore', 'punk']"
Fly With Me,Brymir,../data/images/spectrograms/Fly With Me_Brymir_spectro.png,"['melodeath', 'folk', 'melodic', 'death', 'symphonic']"
The End,Five Finger Death Punch,../data/images/spectrograms/The End_Five Finger Death Punch_spectro.png,"['alternative', 'groove', 'nu']"
Waiting On The Sky To Change,STARSET,../data/images/spectrograms/Waiting On The Sky To Change_STARSET_spectro.png,"['alternative', 'hard', 'rock']"
Whatever,AVOID,../data/images/spectrograms/Whatever_AVOID_spectro.png,['metalcore']
60cm Of Steel,Alpha Wolf,../data/images/spectrograms/60cm Of Steel_Alpha Wolf_spectro.png,"['posthardcore', 'metalcore', 'nu metalcore']"
Thy Becoming Eternal,Behemoth,../data/images/spectrograms/Thy Becoming Eternal_Behemoth_spectro.png,"['black', 'death', 'folk']"
Strong - Cinematic version,Amaranthe,../data/images/spectrograms/Strong  Cinematic version_Amaranthe_spectro.png,"['gothic', 'symphonic', 'power']"
Demons,Solence,../data/images/spectrograms/Demons_Solence_spectro.png,['posthardcore']
Valleys of Gloam,Soilwork,../data/images/spectrograms/Valleys of Gloam_Soilwork_spectro.png,"['alternative', 'melodic', 'death', 'groove', 'metalcore', 'nu', 'melodeath']"
GODLESS,Demon Hunter,../data/images/spectrograms/GODLESS_Demon Hunter_spectro.png,"['alternative', 'christian', 'rock', 'metalcore', 'melodic']"
Black Hole,Our Mirage,../data/images/spectrograms/Black Hole_Our Mirage_spectro.png,"['posthardcore', 'gymcore', 'metalcore']"
This Is Your Darkness,Gothminister,../data/images/spectrograms/This Is Your Darkness_Gothminister_spectro.png,"['gothic', 'industrial']"
Heart Of A Warrior,Grave Digger,../data/images/spectrograms/Heart Of A Warrior_Grave Digger_spectro.png,"['power', 'hard', 'rock', 'melodic', 'neo', 'classical', 'speed']"
Crumble,Spite,../data/images/spectrograms/Crumble_Spite_spectro.png,"['downtempo', 'deathcore', 'metallic', 'hardcore', 'progressive']"
Loud and Free,Thundermother,../data/images/spectrograms/Loud and Free_Thundermother_spectro.png,"['modern', 'hard', 'rock']"
King Of Nothing,Ocean Sleeper,../data/images/spectrograms/King Of Nothing_Ocean Sleeper_spectro.png,"['posthardcore', 'metalcore']"
New Lows,Downswing,../data/images/spectrograms/New Lows_Downswing_spectro.png,"['metallic', 'hardcore']"
King of All Terror,Strigoi,../data/images/spectrograms/King of All Terror_Strigoi_spectro.png,"['death', 'metal']"
Dead Reflections,In Search of Solace,../data/images/spectrograms/Dead Reflections_In Search of Solace_spectro.png,['metalcore']
Rage,Bleeding Through,../data/images/spectrograms/Rage_Bleeding Through_spectro.png,"['deathcore', 'melodic', 'metalcore']"
Headline,April Art,../data/images/spectrograms/Headline_April Art_spectro.png,['slayer']
End (The Other Side),Fit For A King,../data/images/spectrograms/End The Other Side_Fit For A King_spectro.png,"['christian', 'metalcore', 'rock', 'melodic', 'posthardcore']"
Puritania - The Kolbotn Tapes,Dimmu Borgir,../data/images/spectrograms/Puritania  The Kolbotn Tapes_Dimmu Borgir_spectro.png,"['black', 'melodic', 'death', 'symphonic']"
Origin of Sin,Chelsea Grin,../data/images/spectrograms/Origin of Sin_Chelsea Grin_spectro.png,"['deathcore', 'melodic', 'metalcore']"
1982,Sodom,../data/images/spectrograms/1982_Sodom_spectro.png,"['black', 'thrash', 'crossover', 'death', 'oldschool', 'speed']"
A Killing Word,Norma Jean,../data/images/spectrograms/A Killing Word_Norma Jean_spectro.png,"['metalcore', 'christian', 'hardcore', 'mathcore', 'melodic', 'posthardcore', 'screamo']"
Heavy Is The Crown,Sylosis,../data/images/spectrograms/Heavy Is The Crown_Sylosis_spectro.png,"['melodic', 'death', 'metalcore']"
Paradox,Aviana,../data/images/spectrograms/Paradox_Aviana_spectro.png,['metalcore']
Re-Crucified,Revocation,../data/images/spectrograms/ReCrucified_Revocation_spectro.png,"['death', 'technical', 'thrash']"
Destroyer,Designer Disguise,../data/images/spectrograms/Destroyer_Designer Disguise_spectro.png,"['metalcore', 'posthardcore']"
Heaven's Broken Heart,Boundaries,../data/images/spectrograms/Heavens Broken Heart_Boundaries_spectro.png,"['hardcore', 'metallic']"
Goodbyes,Hills Have Eyes,../data/images/spectrograms/Goodbyes_Hills Have Eyes_spectro.png,"['rock', 'posthardcore']"
Demon Eyes,H.E.A.T,../data/images/spectrograms/Demon Eyes_HEAT_spectro.png,"['melodic', 'hard', 'rock', 'modern', 'nightrun']"
Rain on My Happy Days,Unlike Pluto,../data/images/spectrograms/Rain on My Happy Days_Unlike Pluto_spectro.png,"['modern', 'alternative', 'rock']"
Find a Way or Make One,Amon Amarth,../data/images/spectrograms/Find a Way or Make One_Amon Amarth_spectro.png,"['death', 'melodic', 'melodeath', 'folk']"
Firefly,Stratovarius,../data/images/spectrograms/Firefly_Stratovarius_spectro.png,"['power', 'melodic', 'neo', 'classical', 'progressive']"
Totem,Soulfly,../data/images/spectrograms/Totem_Soulfly_spectro.png,"['alternative', 'groove', 'industrial', 'nu', 'rap', 'rock']"
Mary Shelley,Callejon,../data/images/spectrograms/Mary Shelley_Callejon_spectro.png,"['metalcore', 'posthardcore', 'rock', 'hard']"
Pretend,Project Vela,../data/images/spectrograms/Pretend_Project Vela_spectro.png,"['alternative', 'hard', 'rock', 'gymcore', 'posthardcore']"
Letting Go,Dayshell,../data/images/spectrograms/Letting Go_Dayshell_spectro.png,"['metalcore', 'nu metalcore', 'posthardcore', 'progressive']"
Ivy,"Time, The Valuator",../data/images/spectrograms/Ivy_Time The Valuator_spectro.png,['metalcore']
The Rival,The Wise Man's Fear,../data/images/spectrograms/The Rival_The Wise Mans Fear_spectro.png,"['melodic', 'metalcore', 'posthardcore']"
Sulfate,For The Fallen Dreams,../data/images/spectrograms/Sulfate_For The Fallen Dreams_spectro.png,"['deathcore', 'melodic', 'hardcore', 'metalcore']"
The Boy's,A Killer's Confession,../data/images/spectrograms/The Boys_A Killers Confession_spectro.png,"['metal', 'gymcore']"
Enslavement,Psycroptic,../data/images/spectrograms/Enslavement_Psycroptic_spectro.png,"['death', 'technical']"
Dis Morta,Toxik,../data/images/spectrograms/Dis Morta_Toxik_spectro.png,"['oldschool', 'thrash', 'speed', 'technical']"
The Calling,Becoming The Archetype,../data/images/spectrograms/The Calling_Becoming The Archetype_spectro.png,"['christian', 'hardcore', 'rock', 'progressive', 'death', 'christian black']"
Stream,Another Now,../data/images/spectrograms/Stream_Another Now_spectro.png,['metalcore']
Siren's Calling,Ginevra,../data/images/spectrograms/Sirens Calling_Ginevra_spectro.png,"['classic', 'rock']"
Empty Vessels,Graupel,../data/images/spectrograms/Empty Vessels_Graupel_spectro.png,"['melodic', 'hardcore', 'metalcore']"
The Great Deceiver,In Flames,../data/images/spectrograms/The Great Deceiver_In Flames_spectro.png,"['alternative', 'melodic', 'death', 'metalcore', 'nu', 'melodeath']"
Mosaic - Becko Remix,Of Mice & Men,../data/images/spectrograms/Mosaic  Becko Remix_Of Mice  Men_spectro.png,"['melodic', 'metalcore', 'posthardcore', 'screamo']"
Time,The Devil Wears Prada,../data/images/spectrograms/Time_The Devil Wears Prada_spectro.png,"['christian', 'metalcore', 'melodic']"
The Deathless Sun,Behemoth,../data/images/spectrograms/The Deathless Sun_Behemoth_spectro.png,"['black', 'death', 'folk']"
Blessings Upon The Throne Of Tyranny - Remixed & Remastered,Dimmu Borgir,../data/images/spectrograms/Blessings Upon The Throne Of Tyranny  Remixed  Remastered_Dimmu Borgir_spectro.png,"['black', 'melodic', 'death', 'symphonic']"
Cursed to Die,Lorna Shore,../data/images/spectrograms/Cursed to Die_Lorna Shore_spectro.png,"['black', 'deathcore', 'symphonic']"
Black and Gold,Thundermother,../data/images/spectrograms/Black and Gold_Thundermother_spectro.png,"['modern', 'hard', 'rock']"
Sacred Kiss (feat. Aaron Pauley of Of Mice and Men),Bad Wolves,../data/images/spectrograms/Sacred Kiss feat Aaron Pauley of Of Mice and Men_Bad Wolves_spectro.png,"['alternative', 'metal']"
Living=Dying,Oceans,../data/images/spectrograms/LivingDying_Oceans_spectro.png,"['metalcore', 'slayer']"
Scars,Within Destruction,../data/images/spectrograms/Scars_Within Destruction_spectro.png,"['progressive', 'deathcore']"
Violent Shadows,Blind Guardian,../data/images/spectrograms/Violent Shadows_Blind Guardian_spectro.png,"['power', 'melodic', 'neo', 'classical', 'speed']"
Flight from Destruction,Dragonland,../data/images/spectrograms/Flight from Destruction_Dragonland_spectro.png,"['melodic', 'neo', 'classical', 'power', 'symphonic']"
Bloodbather,Get The Shot,../data/images/spectrograms/Bloodbather_Get The Shot_spectro.png,"['hardcore', 'punk']"
Violent Ends,CABAL,../data/images/spectrograms/Violent Ends_CABAL_spectro.png,"['black', 'deathcore', 'hardcore', 'progressive']"
Herald Of Aegir,Brymir,../data/images/spectrograms/Herald Of Aegir_Brymir_spectro.png,"['melodeath', 'folk', 'melodic', 'death', 'symphonic']"
Omens,Lamb of God,../data/images/spectrograms/Omens_Lamb of God_spectro.png,"['alternative', 'groove', 'melodic', 'metalcore', 'nu']"
Worn Out,Afterglow,../data/images/spectrograms/Worn Out_Afterglow_spectro.png,['metalcore']
Sleep,Dead Crown,../data/images/spectrograms/Sleep_Dead Crown_spectro.png,"['metalcore', 'metal']"
Terrified,Versus Me,../data/images/spectrograms/Terrified_Versus Me_spectro.png,"['metalcore', 'gymcore', 'posthardcore']"
Toxic,Within Destruction,../data/images/spectrograms/Toxic_Within Destruction_spectro.png,"['progressive', 'deathcore']"
1M followers,Space Of Variations,../data/images/spectrograms/1M followers_Space Of Variations_spectro.png,"['metal', 'metalcore']"
There's Only Black,Venom Inc.,../data/images/spectrograms/Theres Only Black_Venom Inc_spectro.png,['black rock']
Phantasmagoria,Bloody Hammers,../data/images/spectrograms/Phantasmagoria_Bloody Hammers_spectro.png,"['psychedelic', 'death']"
Try,April Art,../data/images/spectrograms/Try_April Art_spectro.png,['slayer']
Overcome the Darkness,Blind8,../data/images/spectrograms/Overcome the Darkness_Blind8_spectro.png,['metalcore']
Demons,Gothminister,../data/images/spectrograms/Demons_Gothminister_spectro.png,"['gothic', 'industrial']"
We Are Eternity,A Wake in Providence,../data/images/spectrograms/We Are Eternity_A Wake in Providence_spectro.png,"['deathcore', 'progressive']"
Running up That Hill (a Deal with God),Anchors & Hearts,../data/images/spectrograms/Running up That Hill a Deal with God_Anchors  Hearts_spectro.png,['metalcore']
Malaria Vvlgata,Behemoth,../data/images/spectrograms/Malaria Vvlgata_Behemoth_spectro.png,"['black', 'death', 'folk']"
Frozen in Time,Stratovarius,../data/images/spectrograms/Frozen in Time_Stratovarius_spectro.png,"['power', 'melodic', 'neo', 'classical', 'progressive']"
Pain Remains I: Dancing Like Flames,Lorna Shore,../data/images/spectrograms/Pain Remains I Dancing Like Flames_Lorna Shore_spectro.png,"['black', 'deathcore', 'symphonic']"
From the Heart of the Darkness,Parkway Drive,../data/images/spectrograms/From the Heart of the Darkness_Parkway Drive_spectro.png,"['metalcore', 'melodic']"
Whore 1983,In This Moment,../data/images/spectrograms/Whore 1983_In This Moment_spectro.png,"['alternative', 'nu', 'slayer']"
Broken,The Devil Wears Prada,../data/images/spectrograms/Broken_The Devil Wears Prada_spectro.png,"['christian', 'metalcore', 'melodic']"
Running Up That Hill (A Deal With God),No Resolve,../data/images/spectrograms/Running Up That Hill A Deal With God_No Resolve_spectro.png,"['gymcore', 'heavy', 'alternative', 'posthardcore']"
Season of the Damned II,Get The Shot,../data/images/spectrograms/Season of the Damned II_Get The Shot_spectro.png,"['hardcore', 'punk']"
The Final Lullaby (feat. Shining),Epica,../data/images/spectrograms/The Final Lullaby feat Shining_Epica_spectro.png,"['gothic', 'symphonic', 'opera', 'power']"
Swamped XX,Lacuna Coil,../data/images/spectrograms/Swamped XX_Lacuna Coil_spectro.png,"['alternative', 'gothic', 'symphonic', 'slayer']"
Hybrid Stigmata - The Apostasy - Remixed & Remastered,Dimmu Borgir,../data/images/spectrograms/Hybrid Stigmata  The Apostasy  Remixed  Remastered_Dimmu Borgir_spectro.png,"['black', 'melodic', 'death', 'symphonic']"
Falsewave,Unleash The Archers,../data/images/spectrograms/Falsewave_Unleash The Archers_spectro.png,"['gothic', 'symphonic', 'melodic', 'slayer']"
Sternenstaub,Callejon,../data/images/spectrograms/Sternenstaub_Callejon_spectro.png,"['metalcore', 'posthardcore', 'rock', 'hard']"
New Order,The Gloom In The Corner,../data/images/spectrograms/New Order_The Gloom In The Corner_spectro.png,"['posthardcore', 'metalcore', 'metallic', 'hardcore', 'nu metalcore']"
Cold Flame,Wolfheart,../data/images/spectrograms/Cold Flame_Wolfheart_spectro.png,"['death', 'melodeath', 'melodic']"
Hall of Shame,Edenbridge,../data/images/spectrograms/Hall of Shame_Edenbridge_spectro.png,"['gothic', 'symphonic', 'melodic', 'slayer', 'power']"
I Don't Care,DIRT,../data/images/spectrograms/I Dont Care_DIRT_spectro.png,"['postgrunge', 'hard', 'rock']"
Reset Rewind,Unlike Pluto,../data/images/spectrograms/Reset Rewind_Unlike Pluto_spectro.png,"['modern', 'alternative', 'rock']"
Nothing Feels Right (feat. Zakk Wylde),Ozzy Osbourne,../data/images/spectrograms/Nothing Feels Right feat Zakk Wylde_Ozzy Osbourne_spectro.png,"['rock', 'hard']"
Tonight,One Morning Left,../data/images/spectrograms/Tonight_One Morning Left_spectro.png,"['metalcore', 'trancecore']"
Ground Zero,Parkway Drive,../data/images/spectrograms/Ground Zero_Parkway Drive_spectro.png,"['metalcore', 'melodic']"
Make It Better,Amaranthe,../data/images/spectrograms/Make It Better_Amaranthe_spectro.png,"['gothic', 'symphonic', 'power']"
Flight of the Bumblebee,Apocalyptica,../data/images/spectrograms/Flight of the Bumblebee_Apocalyptica_spectro.png,"['alternative', 'pop', 'nu']"
Dust and Rust,U.D.O.,../data/images/spectrograms/Dust and Rust_UDO_spectro.png,"['heavy', 'hard', 'rock', 'power']"
Paper Tigers,Nonpoint,../data/images/spectrograms/Paper Tigers_Nonpoint_spectro.png,"['alternative', 'industrial', 'latin', 'nu', 'rap', 'rock']"
Grayscale,Lamb of God,../data/images/spectrograms/Grayscale_Lamb of God_spectro.png,"['alternative', 'groove', 'melodic', 'metalcore', 'nu']"
Falling Through the Sky,Fit For A King,../data/images/spectrograms/Falling Through the Sky_Fit For A King_spectro.png,"['christian', 'metalcore', 'rock', 'melodic', 'posthardcore']"
The Isnis,Chelsea Grin,../data/images/spectrograms/The Isnis_Chelsea Grin_spectro.png,"['deathcore', 'melodic', 'metalcore']"
Wake Up Dead,Nightrage,../data/images/spectrograms/Wake Up Dead_Nightrage_spectro.png,"['melodic', 'death', 'melodeath']"
Bound to the Burn,Counterparts,../data/images/spectrograms/Bound to the Burn_Counterparts_spectro.png,"['hardcore', 'deep', 'melodic', 'metalcore', 'indie', 'rock', 'modern', 'pop', 'punk']"
Frozen Tomb - Bonus B Side,Shadow of Intent,../data/images/spectrograms/Frozen Tomb  Bonus B Side_Shadow of Intent_spectro.png,"['melodic', 'deathcore', 'symphonic']"
Into Oblivion,Miss May I,../data/images/spectrograms/Into Oblivion_Miss May I_spectro.png,"['melodic', 'deathcore', 'metalcore', 'screamo']"
Blood and dance,Nomy,../data/images/spectrograms/Blood and dance_Nomy_spectro.png,"['alternative', 'rock']"
Architects Of Doom,Blind Guardian,../data/images/spectrograms/Architects Of Doom_Blind Guardian_spectro.png,"['power', 'melodic', 'neo', 'classical', 'speed']"
Behind the Walls,Queensrÿche,../data/images/spectrograms/Behind the Walls_Queensrche_spectro.png,"['rock', 'glam', 'hard', 'progressive', 'power']"
Violent Astrology,The Callous Daoboys,../data/images/spectrograms/Violent Astrology_The Callous Daoboys_spectro.png,"['metalcore', 'punk', 'mathcore']"
You Must Die,Suicide Silence,../data/images/spectrograms/You Must Die_Suicide Silence_spectro.png,"['deathcore', 'melodic', 'metalcore']"
Disobey - Disruptor Remix,Fear Factory,../data/images/spectrograms/Disobey  Disruptor Remix_Fear Factory_spectro.png,"['alternative', 'groove', 'industrial', 'rock', 'nu', 'rap']"
Death from Above,Goatwhore,../data/images/spectrograms/Death from Above_Goatwhore_spectro.png,"['black', 'death']"
The Death We Seek,Currents,../data/images/spectrograms/The Death We Seek_Currents_spectro.png,"['metalcore', 'progressive', 'deathcore']"
Losing My Mind,Onlap,../data/images/spectrograms/Losing My Mind_Onlap_spectro.png,['gymcore']
Bitter,Outline In Color,../data/images/spectrograms/Bitter_Outline In Color_spectro.png,"['melodic', 'metalcore', 'posthardcore', 'screamo', 'trancecore']"
Walk With Me In Hell,Fit For An Autopsy,../data/images/spectrograms/Walk With Me In Hell_Fit For An Autopsy_spectro.png,['deathcore']
Silver Surfer,Callejon,../data/images/spectrograms/Silver Surfer_Callejon_spectro.png,"['metalcore', 'posthardcore', 'rock', 'hard']"
POISON THE AIR,We Are The Empty,../data/images/spectrograms/POISON THE AIR_We Are The Empty_spectro.png,"['gymcore', 'posthardcore']"
Tides of Glass,Ingested,../data/images/spectrograms/Tides of Glass_Ingested_spectro.png,"['death', 'deathcore', 'progressive', 'slamming']"
Oceans of Time,Aphyxion,../data/images/spectrograms/Oceans of Time_Aphyxion_spectro.png,"['death', 'metal']"
Don't Play With Fire,Nasty,../data/images/spectrograms/Dont Play With Fire_Nasty_spectro.png,['hardcore']
Of Stars,October Ends,../data/images/spectrograms/Of Stars_October Ends_spectro.png,"['nu metalcore', 'posthardcore']"
Diabolic,My Favourite Nemesis,../data/images/spectrograms/Diabolic_My Favourite Nemesis_spectro.png,['metalcore']
Is There Anybody Out There?,Beyond The Black,../data/images/spectrograms/Is There Anybody Out There_Beyond The Black_spectro.png,"['gothic', 'symphonic', 'melodic', 'slayer']"
Electric Again,Soilwork,../data/images/spectrograms/Electric Again_Soilwork_spectro.png,"['alternative', 'melodic', 'death', 'groove', 'metalcore', 'nu', 'melodeath']"
Everywhere I Go - Nightcore,Cherry 葵 Nightcore,../data/images/spectrograms/Everywhere I Go  Nightcore_Cherry  Nightcore_spectro.png,['hard rock']
I Am,Parasite Inc.,../data/images/spectrograms/I Am_Parasite Inc_spectro.png,"['melodeath', 'melodic', 'death']"
"NØ GØDS, NØ MASTERS",Machine Head,../data/images/spectrograms/N GDS N MASTERS_Machine Head_spectro.png,"['alternative', 'groove', 'hard', 'rock', 'industrial', 'melodic', 'metalcore', 'nu', 'progressive', 'rap']"
Thunder Kiss '65,Soil,../data/images/spectrograms/Thunder Kiss 65_Soil_spectro.png,"['alternative', 'groove', 'industrial', 'nu', 'rap', 'rock']"
Heart of Darkness,Dynazty,../data/images/spectrograms/Heart of Darkness_Dynazty_spectro.png,"['melodic', 'nightrun', 'hard', 'rock']"
Empire,Mono Inc.,../data/images/spectrograms/Empire_Mono Inc_spectro.png,"['dark', 'rock', 'alternative', 'hard']"
Drowning Hymns,Wind Walkers,../data/images/spectrograms/Drowning Hymns_Wind Walkers_spectro.png,"['metalcore', 'pop', 'punk', 'posthardcore']"
Forever and Beyond,Mortemia,../data/images/spectrograms/Forever and Beyond_Mortemia_spectro.png,"['gothic', 'symphonic', 'slayer', 'power']"
Battle Cry,Grave Digger,../data/images/spectrograms/Battle Cry_Grave Digger_spectro.png,"['power', 'hard', 'rock', 'melodic', 'neo', 'classical', 'speed']"
Lilian,Insomnium,../data/images/spectrograms/Lilian_Insomnium_spectro.png,"['death', 'melodeath', 'melodic']"
You'll Never Learn,Ingested,../data/images/spectrograms/Youll Never Learn_Ingested_spectro.png,"['death', 'deathcore', 'progressive', 'slamming']"
Ghosts,Xandria,../data/images/spectrograms/Ghosts_Xandria_spectro.png,"['gothic', 'symphonic', 'melodic', 'opera']"
Storyteller,Johnny Booth,../data/images/spectrograms/Storyteller_Johnny Booth_spectro.png,['metalcore']
ANOTHER PLACE,Demon Hunter,../data/images/spectrograms/ANOTHER PLACE_Demon Hunter_spectro.png,"['alternative', 'christian', 'rock', 'metalcore', 'melodic']"
Cravings,VENUES,../data/images/spectrograms/Cravings_VENUES_spectro.png,"['metalcore', 'posthardcore', 'slayer']"
Best Friend,Butcher Babies,../data/images/spectrograms/Best Friend_Butcher Babies_spectro.png,"['groove', 'slayer']"
What You Left Behind,Fit For A King,../data/images/spectrograms/What You Left Behind_Fit For A King_spectro.png,"['christian', 'metalcore', 'rock', 'melodic', 'posthardcore']"
Divisive,Disturbed,../data/images/spectrograms/Divisive_Disturbed_spectro.png,"['alternative', 'nu', 'rap']"
Codex Gigas,Therion,../data/images/spectrograms/Codex Gigas_Therion_spectro.png,"['gothic', 'symphonic', 'neo', 'classical', 'opera', 'power', 'black', 'death']"
Eternia,Callejon,../data/images/spectrograms/Eternia_Callejon_spectro.png,"['metalcore', 'posthardcore', 'rock', 'hard']"
Burning Bright,Driveways,../data/images/spectrograms/Burning Bright_Driveways_spectro.png,"['anthem', 'alternative', 'pop', 'punk']"
The Hanged Man,Tulip,../data/images/spectrograms/The Hanged Man_Tulip_spectro.png,['slayer']
Blood Sweat Tears,Solence,../data/images/spectrograms/Blood Sweat Tears_Solence_spectro.png,['posthardcore']
be very afraid,Architects,../data/images/spectrograms/be very afraid_Architects_spectro.png,"['mathcore', 'melodic', 'metalcore', 'progressive']"
Divine Attack - Shingeki -,BABYMETAL,../data/images/spectrograms/Divine Attack  Shingeki _BABYMETAL_spectro.png,"['comic', 'idol', 'rock', 'otacore']"
Infinite Terror,Aborted,../data/images/spectrograms/Infinite Terror_Aborted_spectro.png,"['death', 'black', 'deathcore', 'technical']"
Kill The Pain Away,Avantasia,../data/images/spectrograms/Kill The Pain Away_Avantasia_spectro.png,"['power', 'melodic', 'neo', 'classical', 'opera', 'symphonic']"
Forever Bloom (feat. Trevor Strnad),Chelsea Grin,../data/images/spectrograms/Forever Bloom feat Trevor Strnad_Chelsea Grin_spectro.png,"['deathcore', 'melodic', 'metalcore']"
December,Orden Ogan,../data/images/spectrograms/December_Orden Ogan_spectro.png,"['power', 'melodic', 'neo', 'classical']"
Tearing Down Your Reality,Foreign Hands,../data/images/spectrograms/Tearing Down Your Reality_Foreign Hands_spectro.png,"['metallic', 'hardcore']"
I Sing Alone,Oceans,../data/images/spectrograms/I Sing Alone_Oceans_spectro.png,"['metalcore', 'slayer']"
Kind Regards,Foxblood,../data/images/spectrograms/Kind Regards_Foxblood_spectro.png,"['posthardcore', 'melodic', 'hardcore', 'metalcore']"
No Heaven,For The Fallen Dreams,../data/images/spectrograms/No Heaven_For The Fallen Dreams_spectro.png,"['deathcore', 'melodic', 'hardcore', 'metalcore']"
Plague Bringer,CABAL,../data/images/spectrograms/Plague Bringer_CABAL_spectro.png,"['black', 'deathcore', 'hardcore', 'progressive']"
Felt Like Home,As Everything Unfolds,../data/images/spectrograms/Felt Like Home_As Everything Unfolds_spectro.png,['slayer']
Death Is The Only Way Out,Writing The Future,../data/images/spectrograms/Death Is The Only Way Out_Writing The Future_spectro.png,['metalcore']
AREA PD,Paledusk,../data/images/spectrograms/AREA PD_Paledusk_spectro.png,['metalcore']
Holiday,Alter Bridge,../data/images/spectrograms/Holiday_Alter Bridge_spectro.png,"['alternative', 'nu', 'postgrunge', 'rock']"
Pain Remains III: In a Sea of Fire,Lorna Shore,../data/images/spectrograms/Pain Remains III In a Sea of Fire_Lorna Shore_spectro.png,"['black', 'deathcore', 'symphonic']"
One More Day,We Came As Romans,../data/images/spectrograms/One More Day_We Came As Romans_spectro.png,"['christian', 'rock', 'melodic', 'metalcore', 'posthardcore', 'screamo', 'trancecore']"
Our Time Is Now,Gojira,../data/images/spectrograms/Our Time Is Now_Gojira_spectro.png,"['alternative', 'death', 'nu', 'progressive', 'groove']"
My Will Be Done,Powerwolf,../data/images/spectrograms/My Will Be Done_Powerwolf_spectro.png,"['metal', 'power']"
In The Name Of What,No name faces,../data/images/spectrograms/In The Name Of What_No name faces_spectro.png,"['deep', 'metalcore', 'gymcore', 'posthardcore']"
Times Like This,Fit For A King,../data/images/spectrograms/Times Like This_Fit For A King_spectro.png,"['christian', 'metalcore', 'rock', 'melodic', 'posthardcore']"
Heaven's a Lie XX,Lacuna Coil,../data/images/spectrograms/Heavens a Lie XX_Lacuna Coil_spectro.png,"['alternative', 'gothic', 'symphonic', 'slayer']"
The Great Tribulation (feat. Fleshgod Apocalypse),Epica,../data/images/spectrograms/The Great Tribulation feat Fleshgod Apocalypse_Epica_spectro.png,"['gothic', 'symphonic', 'opera', 'power']"
Exile Of The Gods,Eluveitie,../data/images/spectrograms/Exile Of The Gods_Eluveitie_spectro.png,"['pop', 'folk', 'melodic', 'death', 'power']"
Odins Raben,Saltatio Mortis,../data/images/spectrograms/Odins Raben_Saltatio Mortis_spectro.png,"['folk', 'rock', 'hard']"
I Will Make It Out,The Veer Union,../data/images/spectrograms/I Will Make It Out_The Veer Union_spectro.png,"['alternative', 'christian', 'rock', 'gymcore', 'hard', 'nu', 'postgrunge', 'posthardcore']"
Doomswitch,Make Them Suffer,../data/images/spectrograms/Doomswitch_Make Them Suffer_spectro.png,"['metalcore', 'black', 'deathcore', 'melodic', 'symphonic']"
Fight Fair,Outline In Color,../data/images/spectrograms/Fight Fair_Outline In Color_spectro.png,"['melodic', 'metalcore', 'posthardcore', 'screamo', 'trancecore']"
Pandora's Box,The Gloom In The Corner,../data/images/spectrograms/Pandoras Box_The Gloom In The Corner_spectro.png,"['posthardcore', 'metalcore', 'metallic', 'hardcore', 'nu metalcore']"
Freedom Is My Belief - MMXXIII Version,Bonfire,../data/images/spectrograms/Freedom Is My Belief  MMXXIII Version_Bonfire_spectro.png,"['hard', 'rock', 'power', 'glam']"
Never Too Late (To Get Some Pussy Tonight),Steel Panther,../data/images/spectrograms/Never Too Late To Get Some Pussy Tonight_Steel Panther_spectro.png,"['comic', 'glam', 'hard', 'rock', 'sleaze']"
This Is War,Alter Bridge,../data/images/spectrograms/This Is War_Alter Bridge_spectro.png,"['alternative', 'nu', 'postgrunge', 'rock']"
A Mass Grave of Saints,Counterparts,../data/images/spectrograms/A Mass Grave of Saints_Counterparts_spectro.png,"['hardcore', 'deep', 'melodic', 'metalcore', 'indie', 'rock', 'modern', 'pop', 'punk']"
Best at Being the Worst,Unlike Pluto,../data/images/spectrograms/Best at Being the Worst_Unlike Pluto_spectro.png,"['modern', 'alternative', 'rock']"
Find Life,Amaranthe,../data/images/spectrograms/Find Life_Amaranthe_spectro.png,"['gothic', 'symphonic', 'power']"
Nothing Left to Want,NateWantsToBattle,../data/images/spectrograms/Nothing Left to Want_NateWantsToBattle_spectro.png,"['antiviral', 'pop', 'otacore']"
Until We Break (feat. Matty Mullins of Memphis Mayfire),From Ashes to New,../data/images/spectrograms/Until We Break feat Matty Mullins of Memphis Mayfire_From Ashes to New_spectro.png,['posthardcore']
Me,Dead by April,../data/images/spectrograms/Me_Dead by April_spectro.png,"['alternative', 'christian', 'rock', 'melodic', 'metalcore', 'trancecore']"
Abandon Us,Bury Tomorrow,../data/images/spectrograms/Abandon Us_Bury Tomorrow_spectro.png,"['melodic', 'metalcore', 'screamo', 'posthardcore']"
Winter Is Coming,Beyond The Black,../data/images/spectrograms/Winter Is Coming_Beyond The Black_spectro.png,"['gothic', 'symphonic', 'melodic', 'slayer']"
Somebody's Watching Me,Young Medicine,../data/images/spectrograms/Somebodys Watching Me_Young Medicine_spectro.png,"['gymcore', 'posthardcore']"
"So Far, So Good",Silent Theory,../data/images/spectrograms/So Far So Good_Silent Theory_spectro.png,"['gymcore', 'posthardcore']"
Flatlining,Living in Fiction,../data/images/spectrograms/Flatlining_Living in Fiction_spectro.png,['posthardcore']
Help Me Out!,Our Mirage,../data/images/spectrograms/Help Me Out_Our Mirage_spectro.png,"['posthardcore', 'gymcore', 'metalcore']"
From Hollow Words,Ingested,../data/images/spectrograms/From Hollow Words_Ingested_spectro.png,"['death', 'deathcore', 'progressive', 'slamming']"
Upside Down,Ad Infinitum,../data/images/spectrograms/Upside Down_Ad Infinitum_spectro.png,"['melodic', 'slayer']"
Return,Fifth Dawn,../data/images/spectrograms/Return_Fifth Dawn_spectro.png,"['pixie', 'posthardcore']"
"I, Dysmorphia",Saving Vice,../data/images/spectrograms/I Dysmorphia_Saving Vice_spectro.png,"['metalcore', 'melodic', 'posthardcore']"
Father,Sabaton,../data/images/spectrograms/Father_Sabaton_spectro.png,"['metal', 'power']"
"Pain Remains II: After All I've Done, I'll Disappear",Lorna Shore,../data/images/spectrograms/Pain Remains II After All Ive Done Ill Disappear_Lorna Shore_spectro.png,"['black', 'deathcore', 'symphonic']"
Illuminate,Aviana,../data/images/spectrograms/Illuminate_Aviana_spectro.png,['metalcore']
Lotus,Within Destruction,../data/images/spectrograms/Lotus_Within Destruction_spectro.png,"['progressive', 'deathcore']"
Idlewaves,"Our Hollow, Our Home",../data/images/spectrograms/Idlewaves_Our Hollow Our Home_spectro.png,"['melodic', 'metalcore', 'posthardcore']"
Diary of a Nihilist,Tankard,../data/images/spectrograms/Diary of a Nihilist_Tankard_spectro.png,"['crossover', 'thrash', 'death', 'oldschool', 'speed']"
Annihilist - Instrumental,InVisions,../data/images/spectrograms/Annihilist  Instrumental_InVisions_spectro.png,"['melodic', 'metalcore', 'nu metalcore', 'posthardcore']"
Words of Fire,Kutless,../data/images/spectrograms/Words of Fire_Kutless_spectro.png,"['christian', 'alternative', 'rock']"
Neon Drift,BlackRain,../data/images/spectrograms/Neon Drift_BlackRain_spectro.png,"['classic', 'rock', 'sleaze']"
Not Human,The Dead Daisies,../data/images/spectrograms/Not Human_The Dead Daisies_spectro.png,"['hard', 'rock', 'modern', 'classic']"
Glow,"Time, The Valuator",../data/images/spectrograms/Glow_Time The Valuator_spectro.png,['metalcore']
Wither,If I Were You,../data/images/spectrograms/Wither_If I Were You_spectro.png,"['melodic', 'metalcore', 'posthardcore']"
Unstoppable,Disturbed,../data/images/spectrograms/Unstoppable_Disturbed_spectro.png,"['alternative', 'nu', 'rap']"
Hold On (feat. Lacey Sturm),All Good Things,../data/images/spectrograms/Hold On feat Lacey Sturm_All Good Things_spectro.png,['rock']
Broken,Stratovarius,../data/images/spectrograms/Broken_Stratovarius_spectro.png,"['power', 'melodic', 'neo', 'classical', 'progressive']"
Iron Fist - Jacksons Studio Demos - October 1981,Motörhead,../data/images/spectrograms/Iron Fist  Jacksons Studio Demos  October 1981_Motrhead_spectro.png,"['rock', 'hard', 'speed']"
Stay Away (with Avoid),Outline In Color,../data/images/spectrograms/Stay Away with Avoid_Outline In Color_spectro.png,"['melodic', 'metalcore', 'posthardcore', 'screamo', 'trancecore']"
Interstellar,Orden Ogan,../data/images/spectrograms/Interstellar_Orden Ogan_spectro.png,"['power', 'melodic', 'neo', 'classical']"
Ditch,Lamb of God,../data/images/spectrograms/Ditch_Lamb of God_spectro.png,"['alternative', 'groove', 'melodic', 'metalcore', 'nu']"
The Watcher,Arch Enemy,../data/images/spectrograms/The Watcher_Arch Enemy_spectro.png,"['death', 'melodic', 'melodeath']"
Foregone Pt. 1,In Flames,../data/images/spectrograms/Foregone Pt 1_In Flames_spectro.png,"['alternative', 'melodic', 'death', 'metalcore', 'nu', 'melodeath']"
Repentance,HEXED,../data/images/spectrograms/Repentance_HEXED_spectro.png,['slayer']
Ashes Turn to Rain,Borealis,../data/images/spectrograms/Ashes Turn to Rain_Borealis_spectro.png,"['melodic', 'symphonic', 'power']"
Blindfolded,Evergrey,../data/images/spectrograms/Blindfolded_Evergrey_spectro.png,"['melodic', 'neo', 'classical', 'power', 'progressive']"
Caught by None,The KillerHertz,../data/images/spectrograms/Caught by None_The KillerHertz_spectro.png,['rock']
Arrow of Love,Electric Callboy,../data/images/spectrograms/Arrow of Love_Electric Callboy_spectro.png,"['comic', 'metalcore', 'trancecore']"
The Deceiver,The KillerHertz,../data/images/spectrograms/The Deceiver_The KillerHertz_spectro.png,['rock']
Absolved,His Name Was Yesterday,../data/images/spectrograms/Absolved_His Name Was Yesterday_spectro.png,['metal']
Hive Mind,Slipknot,../data/images/spectrograms/Hive Mind_Slipknot_spectro.png,"['alternative', 'nu', 'rap']"
Addicted To Rock,Sextrow,../data/images/spectrograms/Addicted To Rock_Sextrow_spectro.png,"['glam', 'metal']"
Sever,Sinnery,../data/images/spectrograms/Sever_Sinnery_spectro.png,['metal']
Fire Storm,Battle Born,../data/images/spectrograms/Fire Storm_Battle Born_spectro.png,"['power', 'metal']"
Stigma Diaboli - Radio Edit,HEXED,../data/images/spectrograms/Stigma Diaboli  Radio Edit_HEXED_spectro.png,['slayer']
Blood and Stone,Perspectives NY,../data/images/spectrograms/Blood and Stone_Perspectives NY_spectro.png,['metal']
Crown Of Corruption,In Sanity,../data/images/spectrograms/Crown Of Corruption_In Sanity_spectro.png,['melodeath']
Resurrection,HEXED,../data/images/spectrograms/Resurrection_HEXED_spectro.png,['slayer']
DmGd & ScRrd,Heartless Day,../data/images/spectrograms/DmGd  ScRrd_Heartless Day_spectro.png,['posthardcore']
Traitor,As I May,../data/images/spectrograms/Traitor_As I May_spectro.png,"['metalcore', 'gymcore']"
Pagans Rising,HEXED,../data/images/spectrograms/Pagans Rising_HEXED_spectro.png,['slayer']
Vengeance,Currents,../data/images/spectrograms/Vengeance_Currents_spectro.png,"['metalcore', 'progressive', 'deathcore']"
Raise Your Glass,BlackRain,../data/images/spectrograms/Raise Your Glass_BlackRain_spectro.png,"['classic', 'rock', 'sleaze']"
Antigone,Dead Shape Figure,../data/images/spectrograms/Antigone_Dead Shape Figure_spectro.png,"['death', 'melodeath']"
Ivory,Waves In Autumn,../data/images/spectrograms/Ivory_Waves In Autumn_spectro.png,['metalcore']
THE SHADOW,Caliban,../data/images/spectrograms/THE SHADOW_Caliban_spectro.png,"['deathcore', 'metalcore', 'posthardcore', 'melodic']"
GTO - Japan Bonus Track,Hardcore Superstar,../data/images/spectrograms/GTO  Japan Bonus Track_Hardcore Superstar_spectro.png,"['glam', 'sleaze', 'rock', 'alternative', 'hard']"
Santa Tell Me,Conquer Divide,../data/images/spectrograms/Santa Tell Me_Conquer Divide_spectro.png,"['metalcore', 'pixie', 'posthardcore']"
Fight Fire With Gasoline,Self Deception,../data/images/spectrograms/Fight Fire With Gasoline_Self Deception_spectro.png,"['gymcore', 'posthardcore', 'alternative', 'rock']"
Vad vill du ha,Knogjärn,../data/images/spectrograms/Vad vill du ha_Knogjrn_spectro.png,['rock']
Blossom,As Everything Unfolds,../data/images/spectrograms/Blossom_As Everything Unfolds_spectro.png,['slayer']
Somewhere Better,Ad Infinitum,../data/images/spectrograms/Somewhere Better_Ad Infinitum_spectro.png,"['melodic', 'slayer']"
Wake Up,No name faces,../data/images/spectrograms/Wake Up_No name faces_spectro.png,"['deep', 'metalcore', 'gymcore', 'posthardcore']"
Hell Is Where The Heart Is,Oceans,../data/images/spectrograms/Hell Is Where The Heart Is_Oceans_spectro.png,"['metalcore', 'slayer']"
Eclipse,Our Mirage,../data/images/spectrograms/Eclipse_Our Mirage_spectro.png,"['posthardcore', 'gymcore', 'metalcore']"
Anchors Of Our History,Backstabbed,../data/images/spectrograms/Anchors Of Our History_Backstabbed_spectro.png,['metalcore']
These Two Sides Are Not Part of the Same Coin,Diamonds to Dust,../data/images/spectrograms/These Two Sides Are Not Part of the Same Coin_Diamonds to Dust_spectro.png,"['christian', 'deathcore']"
Bad Man,Disturbed,../data/images/spectrograms/Bad Man_Disturbed_spectro.png,"['alternative', 'nu', 'rap']"
Drown Me,Unlike Pluto,../data/images/spectrograms/Drown Me_Unlike Pluto_spectro.png,"['modern', 'alternative', 'rock']"
Monochrome,BABYMETAL,../data/images/spectrograms/Monochrome_BABYMETAL_spectro.png,"['comic', 'idol', 'rock', 'otacore']"
Idolize,Caleb Hyles,../data/images/spectrograms/Idolize_Caleb Hyles_spectro.png,['otacore']
Drown,Kim Dracula,../data/images/spectrograms/Drown_Kim Dracula_spectro.png,['rap']
Crystallomancy,Korpiklaani,../data/images/spectrograms/Crystallomancy_Korpiklaani_spectro.png,"['folk', 'power']"
What a Hell of a Night,U.D.O.,../data/images/spectrograms/What a Hell of a Night_UDO_spectro.png,"['heavy', 'hard', 'rock', 'power']"
Awakening,Unleash The Archers,../data/images/spectrograms/Awakening_Unleash The Archers_spectro.png,"['gothic', 'symphonic', 'melodic', 'slayer']"
Do Or Die (feat. Nathan James),Sophie Lloyd,../data/images/spectrograms/Do Or Die feat Nathan James_Sophie Lloyd_spectro.png,['speed']
When Death Sighs,Candlemass,../data/images/spectrograms/When Death Sighs_Candlemass_spectro.png,"['death', 'epic', 'opera']"
Lowborn,Wolves At The Gate,../data/images/spectrograms/Lowborn_Wolves At The Gate_spectro.png,"['christian', 'metalcore', 'rock', 'posthardcore']"
Move to Trash,Resolve,../data/images/spectrograms/Move to Trash_Resolve_spectro.png,['metalcore']
Save My Soul,Awake At Last,../data/images/spectrograms/Save My Soul_Awake At Last_spectro.png,"['gymcore', 'posthardcore']"
Soul Burn,Neon Graves,../data/images/spectrograms/Soul Burn_Neon Graves_spectro.png,['metalcore']
I GET HIGH,Borders,../data/images/spectrograms/I GET HIGH_Borders_spectro.png,['metalcore']
Loaded,Girish And The Chronicles,../data/images/spectrograms/Loaded_Girish And The Chronicles_spectro.png,"['rock', 'indie']"
From Darkness,Rising Steel,../data/images/spectrograms/From Darkness_Rising Steel_spectro.png,['metal']
Slip Away,Atena,../data/images/spectrograms/Slip Away_Atena_spectro.png,"['hardcore', 'djent']"
"Foregone, Pt. 2",In Flames,../data/images/spectrograms/Foregone Pt 2_In Flames_spectro.png,"['alternative', 'melodic', 'death', 'metalcore', 'nu', 'melodeath']"
Faster Than The Flame,Powerwolf,../data/images/spectrograms/Faster Than The Flame_Powerwolf_spectro.png,"['metal', 'power']"
Flood Lungs,Chelsea Grin,../data/images/spectrograms/Flood Lungs_Chelsea Grin_spectro.png,"['deathcore', 'melodic', 'metalcore']"
Chemicals,Rising Insane,../data/images/spectrograms/Chemicals_Rising Insane_spectro.png,"['metalcore', 'posthardcore']"
Armpits Of Immortals,NanowaR of Steel,../data/images/spectrograms/Armpits Of Immortals_NanowaR of Steel_spectro.png,"['comic', 'melodic', 'power']"
Don't Bite,Downswing,../data/images/spectrograms/Dont Bite_Downswing_spectro.png,"['metallic', 'hardcore']"
Elysium,Invent Animate,../data/images/spectrograms/Elysium_Invent Animate_spectro.png,"['metalcore', 'melodic', 'progressive']"
Follow the Leader,Hopes Die Last,../data/images/spectrograms/Follow the Leader_Hopes Die Last_spectro.png,"['melodic', 'metalcore', 'posthardcore', 'screamo', 'trancecore']"
Hindsight,Unseen Faith,../data/images/spectrograms/Hindsight_Unseen Faith_spectro.png,['metal']
Ancestry,August Burns Red,../data/images/spectrograms/Ancestry_August Burns Red_spectro.png,"['christian', 'metalcore', 'melodic', 'screamo']"
Ghosts & Parasites,Eyes Wide Open,../data/images/spectrograms/Ghosts  Parasites_Eyes Wide Open_spectro.png,"['gymcore', 'metalcore', 'rock']"
"Hold Me, Help Me",Halocene,../data/images/spectrograms/Hold Me Help Me_Halocene_spectro.png,['pixie']
